{
  "__type__": "cc.AnimationClip",
  "_name": "fall_front",
  "_objFlags": 0,
  "_native": "",
  "_duration": 0.35,
  "sample": 60,
  "speed": 1,
  "wrapMode": 1,
  "curveData": {
    "comps": {
      "cc.Sprite": {
        "spriteFrame": [
          {
            "frame": 0,
            "value": {
              "__uuid__": "db20315b-925d-4370-85bd-8e0bdaeeaecd"
            }
          },
          {
            "frame": 0.08333333333333333,
            "value": {
              "__uuid__": "7f58c511-f40e-4626-bc13-4c22badf30dc"
            }
          },
          {
            "frame": 0.16666666666666666,
            "value": {
              "__uuid__": "b7667f07-0000-4c12-88e9-0ccea4e77dbf"
            }
          },
          {
            "frame": 0.25,
            "value": {
              "__uuid__": "dc35320e-0aa8-4612-979f-ab774842cfa7"
            }
          },
          {
            "frame": 0.3333333333333333,
            "value": {
              "__uuid__": "db20315b-925d-4370-85bd-8e0bdaeeaecd"
            }
          }
        ]
      }
    }
  },
  "events": []
}