{
  "__type__": "cc.AnimationClip",
  "_name": "walk_demo",
  "_objFlags": 0,
  "_native": "",
  "_duration": 0.35,
  "sample": 60,
  "speed": 1,
  "wrapMode": 2,
  "curveData": {
    "comps": {
      "cc.Sprite": {
        "spriteFrame": [
          {
            "frame": 0,
            "value": {
              "__uuid__": "625e012b-692c-4f4d-8428-dae3575c8807"
            }
          },
          {
            "frame": 0.08333333333333333,
            "value": {
              "__uuid__": "372dfa3c-3dd3-45c4-836b-5be33aa98636"
            }
          },
          {
            "frame": 0.16666666666666666,
            "value": {
              "__uuid__": "c94f1f25-bb33-44df-80e5-31bb3f83f2a5"
            }
          },
          {
            "frame": 0.25,
            "value": {
              "__uuid__": "b66a5677-4083-490f-ba8d-11d2d358f94f"
            }
          },
          {
            "frame": 0.3333333333333333,
            "value": {
              "__uuid__": "b66a5677-4083-490f-ba8d-11d2d358f94f"
            }
          }
        ]
      }
    }
  },
  "events": []
}