{
  "3ec7c6df-6e05-4e0d-b5c6-0e9b48662141": {
    "asset": 1652535492175,
    "meta": 1652535492185,
    "relativePath": "Scene\\Demo.fire"
  },
  "aae64d1f-3299-413a-851d-9d192227c09f": {
    "asset": 1652535290538,
    "meta": 1652535351902,
    "relativePath": "Scene"
  },
  "a2b20bdb-fef7-49f2-9e9f-9103f52728c8": {
    "asset": 1652535290520,
    "meta": 1652535351901,
    "relativePath": "Animation"
  },
  "a559d381-0d19-4dce-bf11-af9c44e7d04a": {
    "asset": 1652535290534,
    "meta": 1652535351901,
    "relativePath": "Atlas"
  },
  "bc09d4c7-43d2-4fad-8b42-4457430df918": {
    "asset": 1589541474000,
    "meta": 1652515532397,
    "relativePath": "Atlas\\platform.plist"
  },
  "48c7ff26-0dd6-43b9-9d3e-ce776162bc6a": {
    "asset": 1652517445350,
    "meta": 1652531680092,
    "relativePath": "Animation\\walk_demo.anim"
  },
  "b06b78d5-559d-40e4-8d55-768ab9b409b9": {
    "asset": 1589541474000,
    "meta": 1652515532374,
    "relativePath": "Atlas\\player.png"
  },
  "327cd419-d1f4-4f55-b900-94d97d543140": {
    "asset": 1589541474000,
    "meta": 1652515532417,
    "relativePath": "Atlas\\player.plist"
  },
  "8a856d7b-36a1-493b-8644-f6fe1235ae81": {
    "asset": 1589541474000,
    "meta": 1652515532374,
    "relativePath": "Atlas\\platform.png"
  },
  "01ddc349-44b8-45ff-861e-8e8746ea7a23": {
    "asset": 1652535290544,
    "meta": 1652535351903,
    "relativePath": "Scripts"
  },
  "7d06aad3-75d7-408e-8855-f9384c6a4f36": {
    "asset": 1652518917481,
    "meta": 1652531670465,
    "relativePath": "Animation\\fall_side_demo.anim"
  },
  "8fba98bb-43c5-4bdf-95bd-6c1e76340b31": {
    "asset": 1652518984481,
    "meta": 1652531664218,
    "relativePath": "Animation\\fall_front_demo.anim"
  },
  "9836134e-b892-4283-b6b2-78b5acf3ed45": {
    "asset": 1649814258651,
    "meta": 1652530898649,
    "relativePath": "effects"
  },
  "abc2cb62-7852-4525-a90d-d474487b88f2": {
    "asset": 1649814258640,
    "meta": 1652530898875,
    "relativePath": "effects\\builtin-phong.effect"
  },
  "e2f00085-c597-422d-9759-52c360279106": {
    "asset": 1649814258643,
    "meta": 1652530898941,
    "relativePath": "effects\\builtin-toon.effect"
  },
  "430eccbf-bf2c-4e6e-8c0c-884bbb487f32": {
    "asset": 1649814258646,
    "meta": 1652530898957,
    "relativePath": "effects\\__builtin-editor-gizmo-line.effect"
  },
  "6c5cf6e1-b044-4eac-9431-835644d57381": {
    "asset": 1649814258648,
    "meta": 1652530898969,
    "relativePath": "effects\\__builtin-editor-gizmo-unlit.effect"
  },
  "115286d1-2e10-49ee-aab4-341583f607e8": {
    "asset": 1649814258650,
    "meta": 1652530899011,
    "relativePath": "effects\\__builtin-editor-gizmo.effect"
  },
  "f8e6b000-5643-4b86-9080-aa680ce1f599": {
    "asset": 1649814258698,
    "meta": 1652530898650,
    "relativePath": "image"
  },
  "71561142-4c83-4933-afca-cb7a17f67053": {
    "asset": 1649814258656,
    "meta": 1652530899047,
    "relativePath": "image\\default_btn_disabled.png"
  },
  "e851e89b-faa2-4484-bea6-5c01dd9f06e2": {
    "asset": 1649814258658,
    "meta": 1652530899049,
    "relativePath": "image\\default_btn_normal.png"
  },
  "99170b0b-d210-46f1-b213-7d9e3f23098a": {
    "asset": 1649814258671,
    "meta": 1652530899061,
    "relativePath": "image\\default_progressbar_bg.png"
  },
  "9d60001f-b5f4-4726-a629-2659e3ded0b8": {
    "asset": 1649814258676,
    "meta": 1652530899063,
    "relativePath": "image\\default_radio_button_on.png"
  },
  "5c3eedba-6c41-4c0c-9ba7-d91f813cbd1c": {
    "asset": 1649814258702,
    "meta": 1652530898651,
    "relativePath": "materials"
  },
  "b43ff3c2-02bb-4874-81f7-f2dea6970f18": {
    "asset": 1649814258662,
    "meta": 1652530899045,
    "relativePath": "image\\default_btn_pressed.png"
  },
  "fc09f9bd-2cce-4605-b630-8145ef809ed6": {
    "asset": 1649814258710,
    "meta": 1652530898652,
    "relativePath": "misc"
  },
  "d81ec8ad-247c-4e62-aa3c-d35c4193c7af": {
    "asset": 1649814258666,
    "meta": 1652530899052,
    "relativePath": "image\\default_panel.png"
  },
  "600301aa-3357-4a10-b086-84f011fa32ba": {
    "asset": 1649814258653,
    "meta": 1652530899058,
    "relativePath": "image\\default-particle.png"
  },
  "edd215b9-2796-4a05-aaf5-81f96c9281ce": {
    "asset": 1649814258664,
    "meta": 1652530899054,
    "relativePath": "image\\default_editbox_bg.png"
  },
  "db019bf7-f71c-4111-98cf-918ea180cb48": {
    "asset": 1649814258737,
    "meta": 1652530898652,
    "relativePath": "model"
  },
  "e39e96e6-6f6e-413f-bcf1-ac7679bb648a": {
    "asset": 1649814258733,
    "meta": 1652530899065,
    "relativePath": "model\\prefab"
  },
  "cfef78f1-c8df-49b7-8ed0-4c953ace2621": {
    "asset": 1649814258669,
    "meta": 1652530899056,
    "relativePath": "image\\default_progressbar.png"
  },
  "c4480a0a-6ac5-443f-8b40-361a14257fc8": {
    "asset": 1649814258702,
    "meta": 1652530899450,
    "relativePath": "materials\\builtin-phong.mtl"
  },
  "a87cc147-01b2-43f8-8e42-a7ca90b0c757": {
    "asset": 1649814258715,
    "meta": 1652530899185,
    "relativePath": "model\\prefab\\box.prefab"
  },
  "fe1417b6-fe6b-46a4-ae7c-9fd331f33a2a": {
    "asset": 1649814258717,
    "meta": 1652530899187,
    "relativePath": "model\\prefab\\capsule.prefab"
  },
  "567dcd80-8bf4-4535-8a5a-313f1caf078a": {
    "asset": 1649814258674,
    "meta": 1652530899066,
    "relativePath": "image\\default_radio_button_off.png"
  },
  "4bab67cb-18e6-4099-b840-355f0473f890": {
    "asset": 1649814258679,
    "meta": 1652530899064,
    "relativePath": "image\\default_scrollbar_bg.png"
  },
  "0291c134-b3da-4098-b7b5-e397edbe947f": {
    "asset": 1649814258678,
    "meta": 1652530899059,
    "relativePath": "image\\default_scrollbar.png"
  },
  "b5fc2cf2-7942-483d-be1f-bbeadc4714ad": {
    "asset": 1649814258719,
    "meta": 1652530899202,
    "relativePath": "model\\prefab\\cone.prefab"
  },
  "f6e6dd15-71d1-4ffe-ace7-24fd39942c05": {
    "asset": 1649814258744,
    "meta": 1652530898653,
    "relativePath": "obsolete"
  },
  "617323dd-11f4-4dd3-8eec-0caf6b3b45b9": {
    "asset": 1649814258683,
    "meta": 1652530899117,
    "relativePath": "image\\default_scrollbar_vertical_bg.png"
  },
  "f743d2b6-b7ea-4c14-a55b-547ed4d0a045": {
    "asset": 1649814258750,
    "meta": 1652530898654,
    "relativePath": "particle"
  },
  "d6d3ca85-4681-47c1-b5dd-d036a9d39ea2": {
    "asset": 1649814258681,
    "meta": 1652530899113,
    "relativePath": "image\\default_scrollbar_vertical.png"
  },
  "73a0903d-d80e-4e3c-aa67-f999543c08f5": {
    "asset": 1649814258690,
    "meta": 1652530899120,
    "relativePath": "image\\default_toggle_checkmark.png"
  },
  "6e056173-d285-473c-b206-40a7fff5386e": {
    "asset": 1649814258685,
    "meta": 1652530899115,
    "relativePath": "image\\default_sprite.png"
  },
  "ae6c6c98-11e4-452f-8758-75f5c6a56e83": {
    "asset": 1649814258821,
    "meta": 1652530898655,
    "relativePath": "prefab"
  },
  "b181c1e4-0a72-4a91-bfb0-ae6f36ca60bd": {
    "asset": 1649814258697,
    "meta": 1652530899121,
    "relativePath": "image\\default_toggle_pressed.png"
  },
  "1c5e4038-953a-44c2-b620-0bbfc6170477": {
    "asset": 1649814258723,
    "meta": 1652530899214,
    "relativePath": "model\\prefab\\cylinder.prefab"
  },
  "3f376125-a699-40ca-ad05-04d662eaa1f2": {
    "asset": 1649814258726,
    "meta": 1652530899317,
    "relativePath": "model\\prefab\\plane.prefab"
  },
  "6c9ef10d-b479-420b-bfe6-39cdda6a8ae0": {
    "asset": 1649814258728,
    "meta": 1652530899339,
    "relativePath": "model\\prefab\\quad.prefab"
  },
  "0275e94c-56a7-410f-bd1a-fc7483f7d14a": {
    "asset": 1649814258687,
    "meta": 1652530899111,
    "relativePath": "image\\default_sprite_splash.png"
  },
  "2d9a4b85-b0ab-4c46-84c5-18f393ab2058": {
    "asset": 1649814258730,
    "meta": 1652530899350,
    "relativePath": "model\\prefab\\sphere.prefab"
  },
  "de510076-056b-484f-b94c-83bef217d0e1": {
    "asset": 1649814258732,
    "meta": 1652530899372,
    "relativePath": "model\\prefab\\torus.prefab"
  },
  "c25b9d50-c8fc-4d27-beeb-6e7c1f2e5c0f": {
    "asset": 1649814258693,
    "meta": 1652530899118,
    "relativePath": "image\\default_toggle_disabled.png"
  },
  "2be36297-9abb-4fee-8049-9ed5e271da8a": {
    "asset": 1649814258709,
    "meta": 1652530899141,
    "relativePath": "misc\\default_video.mp4"
  },
  "897ef7a1-4860-4f64-968d-f5924b18668a": {
    "asset": 1649814258753,
    "meta": 1652530899132,
    "relativePath": "prefab\\2d-camera.prefab"
  },
  "d29077ba-1627-4a72-9579-7b56a235340c": {
    "asset": 1649814258695,
    "meta": 1652530899123,
    "relativePath": "image\\default_toggle_normal.png"
  },
  "a3ee0214-b432-4865-9666-4a3211814282": {
    "asset": 1649814258787,
    "meta": 1652530899135,
    "relativePath": "prefab\\light"
  },
  "70d7cdb0-04cd-41bb-9480-c06a4785f386": {
    "asset": 1649814258755,
    "meta": 1652530899136,
    "relativePath": "prefab\\3d-camera.prefab"
  },
  "ed88f13d-fcad-4848-aa35-65a2cb973584": {
    "asset": 1649814258760,
    "meta": 1652530899138,
    "relativePath": "prefab\\3d-stage.prefab"
  },
  "70bbeb73-6dc2-4ee4-8faf-76b3a0e34ec4": {
    "asset": 1649814258758,
    "meta": 1652530899134,
    "relativePath": "prefab\\3d-particle.prefab"
  },
  "972b9a4d-47ee-4c74-b5c3-61d8a69bc29f": {
    "asset": 1649814258762,
    "meta": 1652530899139,
    "relativePath": "prefab\\button.prefab"
  },
  "2c937608-2562-40ea-b264-7395df6f0cea": {
    "asset": 1649814258763,
    "meta": 1652530899143,
    "relativePath": "prefab\\canvas.prefab"
  },
  "61aeb05b-3b32-452b-8eed-2b76deeed554": {
    "asset": 1649814258765,
    "meta": 1652530899152,
    "relativePath": "prefab\\editbox.prefab"
  },
  "27756ebb-3d33-44b0-9b96-e858fadd4dd4": {
    "asset": 1649814258767,
    "meta": 1652530899148,
    "relativePath": "prefab\\label.prefab"
  },
  "785a442c-3ceb-45be-a46e-7317f625f3b9": {
    "asset": 1649814258770,
    "meta": 1652530899154,
    "relativePath": "prefab\\layout.prefab"
  },
  "cd33edea-55f5-46c2-958d-357a01384a36": {
    "asset": 1649814258793,
    "meta": 1652530899158,
    "relativePath": "prefab\\particlesystem.prefab"
  },
  "5965ffac-69da-4b55-bcde-9225d0613c28": {
    "asset": 1649814258795,
    "meta": 1652530899159,
    "relativePath": "prefab\\progressBar.prefab"
  },
  "ca8401fe-ad6e-41a8-bd46-8e3e4e9945be": {
    "asset": 1649814258791,
    "meta": 1652530899156,
    "relativePath": "prefab\\pageview.prefab"
  },
  "4a37dd57-78cd-4cec-aad4-f11a73d12b63": {
    "asset": 1649814258797,
    "meta": 1652530899161,
    "relativePath": "prefab\\richtext.prefab"
  },
  "32044bd2-481f-4cf1-a656-e2b2fb1594eb": {
    "asset": 1649814258799,
    "meta": 1652530899166,
    "relativePath": "prefab\\scrollview.prefab"
  },
  "0004d1cf-a0ad-47d8-ab17-34d3db9d35a3": {
    "asset": 1649814258802,
    "meta": 1652530899168,
    "relativePath": "prefab\\slider.prefab"
  },
  "96083d03-c332-4a3f-9386-d03e2d19e8ee": {
    "asset": 1649814258803,
    "meta": 1652530899163,
    "relativePath": "prefab\\sprite.prefab"
  },
  "1f55e3be-b89b-4b79-88de-47fd31018044": {
    "asset": 1649814258806,
    "meta": 1652530899170,
    "relativePath": "prefab\\sprite_splash.prefab"
  },
  "7de03a80-4457-438d-95a7-3e7cdffd6086": {
    "asset": 1649814258809,
    "meta": 1652530899172,
    "relativePath": "prefab\\tiledmap.prefab"
  },
  "0e42ba95-1fa1-46aa-b2cf-143cd1bcee2c": {
    "asset": 1649814258810,
    "meta": 1652530899174,
    "relativePath": "prefab\\tiledtile.prefab"
  },
  "d8afc78c-4eac-4a9f-83dd-67bc70344d33": {
    "asset": 1649814258842,
    "meta": 1652530898656,
    "relativePath": "resources"
  },
  "0d784963-d024-4ea6-a7db-03be0ad63010": {
    "asset": 1649814258812,
    "meta": 1652530899180,
    "relativePath": "prefab\\toggle.prefab"
  },
  "294c1663-4adf-4a1e-a795-53808011a38a": {
    "asset": 1649814258841,
    "meta": 1652530899164,
    "relativePath": "resources\\effects"
  },
  "d1b8be49-b0a0-435c-83b7-552bed4bbe35": {
    "asset": 1649814258816,
    "meta": 1652530899178,
    "relativePath": "prefab\\toggleGroup.prefab"
  },
  "bbee2217-c261-49bd-a8ce-708d6bcc3500": {
    "asset": 1649814258863,
    "meta": 1652530899165,
    "relativePath": "resources\\materials"
  },
  "bf0a434c-84dd-4a8e-a08a-7a36f180cc75": {
    "asset": 1649814258814,
    "meta": 1652530899176,
    "relativePath": "prefab\\toggleContainer.prefab"
  },
  "30682f87-9f0d-4f17-8a44-72863791461b": {
    "asset": 1649814258826,
    "meta": 1652530899200,
    "relativePath": "resources\\effects\\builtin-2d-graphics.effect"
  },
  "8a96b965-2dc0-4e03-aa90-3b79cb93b5b4": {
    "asset": 1649814258743,
    "meta": 1652530899145,
    "relativePath": "obsolete\\atom.png"
  },
  "144c3297-af63-49e8-b8ef-1cfa29b3be28": {
    "asset": 1649814258827,
    "meta": 1652530899213,
    "relativePath": "resources\\effects\\builtin-2d-gray-sprite.effect"
  },
  "f18742d7-56d2-4eb5-ae49-2d9d710b37c8": {
    "asset": 1649814258828,
    "meta": 1652530899229,
    "relativePath": "resources\\effects\\builtin-2d-label.effect"
  },
  "0e93aeaa-0b53-4e40-b8e0-6268b4e07bd7": {
    "asset": 1649814258830,
    "meta": 1652530899241,
    "relativePath": "resources\\effects\\builtin-2d-spine.effect"
  },
  "2874f8dd-416c-4440-81b7-555975426e93": {
    "asset": 1649814258832,
    "meta": 1652530899252,
    "relativePath": "resources\\effects\\builtin-2d-sprite.effect"
  },
  "829a282c-b049-4019-bd38-5ace8d8a6417": {
    "asset": 1649814258834,
    "meta": 1652530899316,
    "relativePath": "resources\\effects\\builtin-3d-particle.effect"
  },
  "232d2782-c4bd-4bb4-9e01-909f03d6d3b9": {
    "asset": 1649814258818,
    "meta": 1652530899182,
    "relativePath": "prefab\\videoplayer.prefab"
  },
  "2a7c0036-e0b3-4fe1-8998-89a54b8a2bec": {
    "asset": 1649814258836,
    "meta": 1652530899337,
    "relativePath": "resources\\effects\\builtin-3d-trail.effect"
  },
  "c0040c95-c57f-49cd-9cbc-12316b73d0d4": {
    "asset": 1649814258838,
    "meta": 1652530899349,
    "relativePath": "resources\\effects\\builtin-clear-stencil.effect"
  },
  "6d91e591-4ce0-465c-809f-610ec95019c6": {
    "asset": 1649814258840,
    "meta": 1652530899368,
    "relativePath": "resources\\effects\\builtin-unlit.effect"
  },
  "0cf30284-9073-46bc-9eba-e62b69dbbff3": {
    "asset": 1649814258782,
    "meta": 1652530899383,
    "relativePath": "prefab\\light\\point.prefab"
  },
  "8c5001fd-07ee-4a4b-a8a0-63e15195e94d": {
    "asset": 1649814258820,
    "meta": 1652530899183,
    "relativePath": "prefab\\webview.prefab"
  },
  "61906da3-7003-4bda-9abc-5769c76faee4": {
    "asset": 1649814258776,
    "meta": 1652530899380,
    "relativePath": "prefab\\light\\ambient.prefab"
  },
  "d0a82d39-bede-46c4-b698-c81ff0dedfff": {
    "asset": 1649814258749,
    "meta": 1652530899150,
    "relativePath": "particle\\atom.png"
  },
  "ddb99b39-7004-47cd-9705-751905c43c46": {
    "asset": 1649814258780,
    "meta": 1652530899381,
    "relativePath": "prefab\\light\\directional.prefab"
  },
  "f5331fd2-bf42-4ee3-a3fd-3e1657600eff": {
    "asset": 1649814258786,
    "meta": 1652530899384,
    "relativePath": "prefab\\light\\spot.prefab"
  },
  "6f801092-0c37-4f30-89ef-c8d960825b36": {
    "asset": 1649814258843,
    "meta": 1652530899472,
    "relativePath": "resources\\materials\\builtin-2d-base.mtl"
  },
  "a153945d-2511-4c14-be7b-05d242f47d57": {
    "asset": 1649814258846,
    "meta": 1652530899472,
    "relativePath": "resources\\materials\\builtin-2d-graphics.mtl"
  },
  "3a7bb79f-32fd-422e-ada2-96f518fed422": {
    "asset": 1649814258847,
    "meta": 1652530899474,
    "relativePath": "resources\\materials\\builtin-2d-gray-sprite.mtl"
  },
  "e02d87d4-e599-4d16-8001-e14891ac6506": {
    "asset": 1649814258849,
    "meta": 1652530899473,
    "relativePath": "resources\\materials\\builtin-2d-label.mtl"
  },
  "7afd064b-113f-480e-b793-8817d19f63c3": {
    "asset": 1649814258851,
    "meta": 1652530899474,
    "relativePath": "resources\\materials\\builtin-2d-spine.mtl"
  },
  "eca5d2f2-8ef6-41c2-bbe6-f9c79d09c432": {
    "asset": 1649814258853,
    "meta": 1652530899476,
    "relativePath": "resources\\materials\\builtin-2d-sprite.mtl"
  },
  "432fa09c-cf03-4cff-a186-982604408a07": {
    "asset": 1649814258855,
    "meta": 1652530899475,
    "relativePath": "resources\\materials\\builtin-3d-particle.mtl"
  },
  "466d4f9b-e5f4-4ea8-85d5-3c6e9a65658a": {
    "asset": 1649814258859,
    "meta": 1652530899477,
    "relativePath": "resources\\materials\\builtin-3d-trail.mtl"
  },
  "cf7e0bb8-a81c-44a9-ad79-d28d43991032": {
    "asset": 1649814258861,
    "meta": 1652530899476,
    "relativePath": "resources\\materials\\builtin-clear-stencil.mtl"
  },
  "2a296057-247c-4a1c-bbeb-0548b6c98650": {
    "asset": 1649814258862,
    "meta": 1652530899478,
    "relativePath": "resources\\materials\\builtin-unlit.mtl"
  },
  "b8223619-7e38-47c4-841f-9160c232495a": {
    "asset": 1649814258741,
    "meta": 1652530899565,
    "relativePath": "obsolete\\atom.plist"
  },
  "b2687ac4-099e-403c-a192-ff477686f4f5": {
    "asset": 1649814258746,
    "meta": 1652530899566,
    "relativePath": "particle\\atom.plist"
  },
  "954fec8b-cd16-4bb9-a3b7-7719660e7558": {
    "asset": 1649814258736,
    "meta": 1652530903101,
    "relativePath": "model\\primitives.fbx"
  },
  "26febd75-d664-4e22-8b72-534a6a500ac5": {
    "asset": 1652520130603,
    "meta": 1652535429555,
    "relativePath": "Animation\\platform_move_demo.anim"
  },
  "075b8fd2-6408-44d3-afc3-a0d6e83077a4": {
    "asset": 1652520692170,
    "meta": 1652520760519,
    "relativePath": "Scripts\\PlatformController.ts"
  },
  "7c671223-e29c-42ce-815c-09f996fabd62": {
    "asset": 1589541476000,
    "meta": 1652521224034,
    "relativePath": "Atlas\\background.png"
  },
  "d5b661b9-0140-4dea-9a3f-b1ef22e622e9": {
    "asset": 1652535403900,
    "meta": 1652535405194,
    "relativePath": "Scripts\\PlayerController.ts"
  }
}