{
  "9836134e-b892-4283-b6b2-78b5acf3ed45": {
    "asset": 1713425846685,
    "meta": 1713428014000,
    "relativePath": "effects"
  },
  "430eccbf-bf2c-4e6e-8c0c-884bbb487f32": {
    "asset": 1713425846682,
    "meta": 1713428014143,
    "relativePath": "effects\\__builtin-editor-gizmo-line.effect"
  },
  "6c5cf6e1-b044-4eac-9431-835644d57381": {
    "asset": 1713425846683,
    "meta": 1713428014149,
    "relativePath": "effects\\__builtin-editor-gizmo-unlit.effect"
  },
  "115286d1-2e10-49ee-aab4-341583f607e8": {
    "asset": 1713425846685,
    "meta": 1713428014169,
    "relativePath": "effects\\__builtin-editor-gizmo.effect"
  },
  "abc2cb62-7852-4525-a90d-d474487b88f2": {
    "asset": 1713425846675,
    "meta": 1713428014095,
    "relativePath": "effects\\builtin-phong.effect"
  },
  "e2f00085-c597-422d-9759-52c360279106": {
    "asset": 1713425846679,
    "meta": 1713428014133,
    "relativePath": "effects\\builtin-toon.effect"
  },
  "f8e6b000-5643-4b86-9080-aa680ce1f599": {
    "asset": 1713425846716,
    "meta": 1713428014001,
    "relativePath": "image"
  },
  "e851e89b-faa2-4484-bea6-5c01dd9f06e2": {
    "asset": 1713425846691,
    "meta": 1713428014208,
    "relativePath": "image\\default_btn_normal.png"
  },
  "71561142-4c83-4933-afca-cb7a17f67053": {
    "asset": 1713425846690,
    "meta": 1713428014201,
    "relativePath": "image\\default_btn_disabled.png"
  },
  "edd215b9-2796-4a05-aaf5-81f96c9281ce": {
    "asset": 1713425846694,
    "meta": 1713428014211,
    "relativePath": "image\\default_editbox_bg.png"
  },
  "b43ff3c2-02bb-4874-81f7-f2dea6970f18": {
    "asset": 1713425846693,
    "meta": 1713428014535,
    "relativePath": "image\\default_btn_pressed.png"
  },
  "d81ec8ad-247c-4e62-aa3c-d35c4193c7af": {
    "asset": 1713425846696,
    "meta": 1713428014206,
    "relativePath": "image\\default_panel.png"
  },
  "99170b0b-d210-46f1-b213-7d9e3f23098a": {
    "asset": 1713425846698,
    "meta": 1713428014533,
    "relativePath": "image\\default_progressbar_bg.png"
  },
  "cfef78f1-c8df-49b7-8ed0-4c953ace2621": {
    "asset": 1713425846696,
    "meta": 1713428014531,
    "relativePath": "image\\default_progressbar.png"
  },
  "567dcd80-8bf4-4535-8a5a-313f1caf078a": {
    "asset": 1713425846700,
    "meta": 1713428014532,
    "relativePath": "image\\default_radio_button_off.png"
  },
  "9d60001f-b5f4-4726-a629-2659e3ded0b8": {
    "asset": 1713425846702,
    "meta": 1713428014537,
    "relativePath": "image\\default_radio_button_on.png"
  },
  "4bab67cb-18e6-4099-b840-355f0473f890": {
    "asset": 1713425846704,
    "meta": 1713428014536,
    "relativePath": "image\\default_scrollbar_bg.png"
  },
  "617323dd-11f4-4dd3-8eec-0caf6b3b45b9": {
    "asset": 1713425846707,
    "meta": 1713428014543,
    "relativePath": "image\\default_scrollbar_vertical_bg.png"
  },
  "d6d3ca85-4681-47c1-b5dd-d036a9d39ea2": {
    "asset": 1713425846706,
    "meta": 1713428014539,
    "relativePath": "image\\default_scrollbar_vertical.png"
  },
  "0291c134-b3da-4098-b7b5-e397edbe947f": {
    "asset": 1713425846703,
    "meta": 1713428014549,
    "relativePath": "image\\default_scrollbar.png"
  },
  "0275e94c-56a7-410f-bd1a-fc7483f7d14a": {
    "asset": 1713425846710,
    "meta": 1713428014542,
    "relativePath": "image\\default_sprite_splash.png"
  },
  "73a0903d-d80e-4e3c-aa67-f999543c08f5": {
    "asset": 1713425846711,
    "meta": 1713428014547,
    "relativePath": "image\\default_toggle_checkmark.png"
  },
  "6e056173-d285-473c-b206-40a7fff5386e": {
    "asset": 1713425846708,
    "meta": 1713428014540,
    "relativePath": "image\\default_sprite.png"
  },
  "d29077ba-1627-4a72-9579-7b56a235340c": {
    "asset": 1713425846714,
    "meta": 1713428014551,
    "relativePath": "image\\default_toggle_normal.png"
  },
  "c25b9d50-c8fc-4d27-beeb-6e7c1f2e5c0f": {
    "asset": 1713425846713,
    "meta": 1713428014546,
    "relativePath": "image\\default_toggle_disabled.png"
  },
  "5c3eedba-6c41-4c0c-9ba7-d91f813cbd1c": {
    "asset": 1713425846721,
    "meta": 1713428014002,
    "relativePath": "materials"
  },
  "c4480a0a-6ac5-443f-8b40-361a14257fc8": {
    "asset": 1713425846720,
    "meta": 1713428014785,
    "relativePath": "materials\\builtin-phong.mtl"
  },
  "fc09f9bd-2cce-4605-b630-8145ef809ed6": {
    "asset": 1713425846727,
    "meta": 1713428014002,
    "relativePath": "misc"
  },
  "2be36297-9abb-4fee-8049-9ed5e271da8a": {
    "asset": 1713425846726,
    "meta": 1713428014734,
    "relativePath": "misc\\default_video.mp4"
  },
  "db019bf7-f71c-4111-98cf-918ea180cb48": {
    "asset": 1713425846752,
    "meta": 1713428014003,
    "relativePath": "model"
  },
  "e39e96e6-6f6e-413f-bcf1-ac7679bb648a": {
    "asset": 1713425846746,
    "meta": 1713428014209,
    "relativePath": "model\\prefab"
  },
  "a87cc147-01b2-43f8-8e42-a7ca90b0c757": {
    "asset": 1713425846731,
    "meta": 1713428014635,
    "relativePath": "model\\prefab\\box.prefab"
  },
  "fe1417b6-fe6b-46a4-ae7c-9fd331f33a2a": {
    "asset": 1713425846732,
    "meta": 1713428014642,
    "relativePath": "model\\prefab\\capsule.prefab"
  },
  "b181c1e4-0a72-4a91-bfb0-ae6f36ca60bd": {
    "asset": 1713425846716,
    "meta": 1713428014550,
    "relativePath": "image\\default_toggle_pressed.png"
  },
  "b5fc2cf2-7942-483d-be1f-bbeadc4714ad": {
    "asset": 1713425846733,
    "meta": 1713428014685,
    "relativePath": "model\\prefab\\cone.prefab"
  },
  "1c5e4038-953a-44c2-b620-0bbfc6170477": {
    "asset": 1713425846738,
    "meta": 1713428014699,
    "relativePath": "model\\prefab\\cylinder.prefab"
  },
  "6c9ef10d-b479-420b-bfe6-39cdda6a8ae0": {
    "asset": 1713425846741,
    "meta": 1713428014704,
    "relativePath": "model\\prefab\\quad.prefab"
  },
  "3f376125-a699-40ca-ad05-04d662eaa1f2": {
    "asset": 1713425846740,
    "meta": 1713428014715,
    "relativePath": "model\\prefab\\plane.prefab"
  },
  "2d9a4b85-b0ab-4c46-84c5-18f393ab2058": {
    "asset": 1713425846744,
    "meta": 1713428014718,
    "relativePath": "model\\prefab\\sphere.prefab"
  },
  "de510076-056b-484f-b94c-83bef217d0e1": {
    "asset": 1713425846745,
    "meta": 1713428014728,
    "relativePath": "model\\prefab\\torus.prefab"
  },
  "f6e6dd15-71d1-4ffe-ace7-24fd39942c05": {
    "asset": 1713425846756,
    "meta": 1713428014003,
    "relativePath": "obsolete"
  },
  "8a96b965-2dc0-4e03-aa90-3b79cb93b5b4": {
    "asset": 1713425846756,
    "meta": 1713428014745,
    "relativePath": "obsolete\\atom.png"
  },
  "f743d2b6-b7ea-4c14-a55b-547ed4d0a045": {
    "asset": 1713425846761,
    "meta": 1713428014005,
    "relativePath": "particle"
  },
  "b8223619-7e38-47c4-841f-9160c232495a": {
    "asset": 1713425846755,
    "meta": 1713428014822,
    "relativePath": "obsolete\\atom.plist"
  },
  "d0a82d39-bede-46c4-b698-c81ff0dedfff": {
    "asset": 1713425846760,
    "meta": 1713428014746,
    "relativePath": "particle\\atom.png"
  },
  "ae6c6c98-11e4-452f-8758-75f5c6a56e83": {
    "asset": 1713425846816,
    "meta": 1713428014006,
    "relativePath": "prefab"
  },
  "972b9a4d-47ee-4c74-b5c3-61d8a69bc29f": {
    "asset": 1713425846772,
    "meta": 1713428014562,
    "relativePath": "prefab\\button.prefab"
  },
  "b2687ac4-099e-403c-a192-ff477686f4f5": {
    "asset": 1713425846759,
    "meta": 1713428014820,
    "relativePath": "particle\\atom.plist"
  },
  "897ef7a1-4860-4f64-968d-f5924b18668a": {
    "asset": 1713425846764,
    "meta": 1713428014556,
    "relativePath": "prefab\\2d-camera.prefab"
  },
  "2c937608-2562-40ea-b264-7395df6f0cea": {
    "asset": 1713425846773,
    "meta": 1713428014576,
    "relativePath": "prefab\\canvas.prefab"
  },
  "61aeb05b-3b32-452b-8eed-2b76deeed554": {
    "asset": 1713425846775,
    "meta": 1713428014563,
    "relativePath": "prefab\\editbox.prefab"
  },
  "27756ebb-3d33-44b0-9b96-e858fadd4dd4": {
    "asset": 1713425846777,
    "meta": 1713428014568,
    "relativePath": "prefab\\label.prefab"
  },
  "785a442c-3ceb-45be-a46e-7317f625f3b9": {
    "asset": 1713425846778,
    "meta": 1713428014565,
    "relativePath": "prefab\\layout.prefab"
  },
  "a3ee0214-b432-4865-9666-4a3211814282": {
    "asset": 1713425846790,
    "meta": 1713428014548,
    "relativePath": "prefab\\light"
  },
  "61906da3-7003-4bda-9abc-5769c76faee4": {
    "asset": 1713425846785,
    "meta": 1713428014729,
    "relativePath": "prefab\\light\\ambient.prefab"
  },
  "ddb99b39-7004-47cd-9705-751905c43c46": {
    "asset": 1713425846787,
    "meta": 1713428014733,
    "relativePath": "prefab\\light\\directional.prefab"
  },
  "0cf30284-9073-46bc-9eba-e62b69dbbff3": {
    "asset": 1713425846788,
    "meta": 1713428014732,
    "relativePath": "prefab\\light\\point.prefab"
  },
  "f5331fd2-bf42-4ee3-a3fd-3e1657600eff": {
    "asset": 1713425846790,
    "meta": 1713428014730,
    "relativePath": "prefab\\light\\spot.prefab"
  },
  "ca8401fe-ad6e-41a8-bd46-8e3e4e9945be": {
    "asset": 1713425846791,
    "meta": 1713428014573,
    "relativePath": "prefab\\pageview.prefab"
  },
  "cd33edea-55f5-46c2-958d-357a01384a36": {
    "asset": 1713425846793,
    "meta": 1713428014567,
    "relativePath": "prefab\\particlesystem.prefab"
  },
  "5965ffac-69da-4b55-bcde-9225d0613c28": {
    "asset": 1713425846795,
    "meta": 1713428014570,
    "relativePath": "prefab\\progressBar.prefab"
  },
  "4a37dd57-78cd-4cec-aad4-f11a73d12b63": {
    "asset": 1713425846798,
    "meta": 1713428014575,
    "relativePath": "prefab\\richtext.prefab"
  },
  "32044bd2-481f-4cf1-a656-e2b2fb1594eb": {
    "asset": 1713425846799,
    "meta": 1713428014578,
    "relativePath": "prefab\\scrollview.prefab"
  },
  "0004d1cf-a0ad-47d8-ab17-34d3db9d35a3": {
    "asset": 1713425846801,
    "meta": 1713428014579,
    "relativePath": "prefab\\slider.prefab"
  },
  "1f55e3be-b89b-4b79-88de-47fd31018044": {
    "asset": 1713425846804,
    "meta": 1713428014585,
    "relativePath": "prefab\\sprite_splash.prefab"
  },
  "96083d03-c332-4a3f-9386-d03e2d19e8ee": {
    "asset": 1713425846802,
    "meta": 1713428014583,
    "relativePath": "prefab\\sprite.prefab"
  },
  "7de03a80-4457-438d-95a7-3e7cdffd6086": {
    "asset": 1713425846805,
    "meta": 1713428014589,
    "relativePath": "prefab\\tiledmap.prefab"
  },
  "0e42ba95-1fa1-46aa-b2cf-143cd1bcee2c": {
    "asset": 1713425846807,
    "meta": 1713428014587,
    "relativePath": "prefab\\tiledtile.prefab"
  },
  "0d784963-d024-4ea6-a7db-03be0ad63010": {
    "asset": 1713425846808,
    "meta": 1713428014592,
    "relativePath": "prefab\\toggle.prefab"
  },
  "bf0a434c-84dd-4a8e-a08a-7a36f180cc75": {
    "asset": 1713425846809,
    "meta": 1713428014594,
    "relativePath": "prefab\\toggleContainer.prefab"
  },
  "d1b8be49-b0a0-435c-83b7-552bed4bbe35": {
    "asset": 1713425846812,
    "meta": 1713428014604,
    "relativePath": "prefab\\toggleGroup.prefab"
  },
  "232d2782-c4bd-4bb4-9e01-909f03d6d3b9": {
    "asset": 1713425846814,
    "meta": 1713428014623,
    "relativePath": "prefab\\videoplayer.prefab"
  },
  "8c5001fd-07ee-4a4b-a8a0-63e15195e94d": {
    "asset": 1713425846816,
    "meta": 1713428014611,
    "relativePath": "prefab\\webview.prefab"
  },
  "d8afc78c-4eac-4a9f-83dd-67bc70344d33": {
    "asset": 1713425846840,
    "meta": 1713428014007,
    "relativePath": "resources"
  },
  "294c1663-4adf-4a1e-a795-53808011a38a": {
    "asset": 1713425846839,
    "meta": 1713428014569,
    "relativePath": "resources\\effects"
  },
  "144c3297-af63-49e8-b8ef-1cfa29b3be28": {
    "asset": 1713425846823,
    "meta": 1713428014610,
    "relativePath": "resources\\effects\\builtin-2d-gray-sprite.effect"
  },
  "0e93aeaa-0b53-4e40-b8e0-6268b4e07bd7": {
    "asset": 1713425846828,
    "meta": 1713428014633,
    "relativePath": "resources\\effects\\builtin-2d-spine.effect"
  },
  "2874f8dd-416c-4440-81b7-555975426e93": {
    "asset": 1713425846830,
    "meta": 1713428014641,
    "relativePath": "resources\\effects\\builtin-2d-sprite.effect"
  },
  "c0040c95-c57f-49cd-9cbc-12316b73d0d4": {
    "asset": 1713425846837,
    "meta": 1713428014704,
    "relativePath": "resources\\effects\\builtin-clear-stencil.effect"
  },
  "6d91e591-4ce0-465c-809f-610ec95019c6": {
    "asset": 1713425846838,
    "meta": 1713428014714,
    "relativePath": "resources\\effects\\builtin-unlit.effect"
  },
  "bbee2217-c261-49bd-a8ce-708d6bcc3500": {
    "asset": 1713425846857,
    "meta": 1713428014571,
    "relativePath": "resources\\materials"
  },
  "6f801092-0c37-4f30-89ef-c8d960825b36": {
    "asset": 1713425846841,
    "meta": 1713428014797,
    "relativePath": "resources\\materials\\builtin-2d-base.mtl"
  },
  "3a7bb79f-32fd-422e-ada2-96f518fed422": {
    "asset": 1713425846845,
    "meta": 1713428014797,
    "relativePath": "resources\\materials\\builtin-2d-gray-sprite.mtl"
  },
  "7afd064b-113f-480e-b793-8817d19f63c3": {
    "asset": 1713425846849,
    "meta": 1713428014798,
    "relativePath": "resources\\materials\\builtin-2d-spine.mtl"
  },
  "eca5d2f2-8ef6-41c2-bbe6-f9c79d09c432": {
    "asset": 1713425846850,
    "meta": 1713428014799,
    "relativePath": "resources\\materials\\builtin-2d-sprite.mtl"
  },
  "cf7e0bb8-a81c-44a9-ad79-d28d43991032": {
    "asset": 1713425846855,
    "meta": 1713428014800,
    "relativePath": "resources\\materials\\builtin-clear-stencil.mtl"
  },
  "2a296057-247c-4a1c-bbeb-0548b6c98650": {
    "asset": 1713425846857,
    "meta": 1713428014801,
    "relativePath": "resources\\materials\\builtin-unlit.mtl"
  },
  "954fec8b-cd16-4bb9-a3b7-7719660e7558": {
    "asset": 1713425846751,
    "meta": 1713428016275,
    "relativePath": "model\\primitives.fbx"
  },
  "c9369012-9466-4b21-84e9-7185123b516a": {
    "asset": 1713425540371,
    "meta": 1713428016355,
    "relativePath": "characters"
  },
  "687ca125-0864-4591-a336-1d36ccb09c06": {
    "asset": 1713425539802,
    "meta": 1713428016359,
    "relativePath": "characters\\Blue Slime"
  },
  "504cec4d-33b5-4667-8675-8ebd0d5c4499": {
    "asset": 1645250086000,
    "meta": 1713428016812,
    "relativePath": "characters\\Blue Slime\\slime_blue_move.anim"
  },
  "9db2b285-23c7-4ee6-82cc-87ac7cb69b95": {
    "asset": 1645250020000,
    "meta": 1713428016810,
    "relativePath": "characters\\Blue Slime\\slime_blue_idle.anim"
  },
  "e3f446fd-b97c-4d78-bfc4-c50dbd446cd3": {
    "asset": 1645249314000,
    "meta": 1713428017307,
    "relativePath": "characters\\Blue Slime\\slime_blue.plist"
  },
  "f0a9324e-0f67-4c4e-996c-9e71006f312f": {
    "asset": 1713425540173,
    "meta": 1713428016361,
    "relativePath": "characters\\Player"
  },
  "bb6f9fae-1585-47b7-8b92-e0f9e876e93b": {
    "asset": 1645186966000,
    "meta": 1713428017173,
    "relativePath": "characters\\Player\\player_idle.anim"
  },
  "0973bd27-d988-44c1-9c41-b71d6d6f0eb0": {
    "asset": 1645249314000,
    "meta": 1713428017186,
    "relativePath": "characters\\Blue Slime\\slime_blue.png"
  },
  "94388cfb-1f01-47c0-b417-bd20824386c2": {
    "asset": 1645186820000,
    "meta": 1713428017175,
    "relativePath": "characters\\Player\\player_move.anim"
  },
  "679daf3d-7f35-4d1b-bcb3-e1b0c269c0eb": {
    "asset": 1645185674000,
    "meta": 1713428017325,
    "relativePath": "characters\\Player\\player.plist"
  },
  "6c93b821-cb57-4475-88ba-afeba981996a": {
    "asset": 1713425540817,
    "meta": 1713428016357,
    "relativePath": "prefabs"
  },
  "bec392b8-b08b-43e5-a23f-2ff9d3bec4d0": {
    "asset": 1649779290000,
    "meta": 1713428016390,
    "relativePath": "prefabs\\Player.prefab"
  },
  "3eb6bd18-4e9d-4de1-8beb-7604b002e440": {
    "asset": 1713425543778,
    "meta": 1713428016357,
    "relativePath": "props n decorations"
  },
  "8fb610a6-4159-44c5-9b08-cccfa17d6114": {
    "asset": 1645185674000,
    "meta": 1713428017191,
    "relativePath": "characters\\Player\\player.png"
  },
  "8444992d-95d7-41fa-9d88-d5b71d98c69d": {
    "asset": 1645153402000,
    "meta": 1713428016440,
    "relativePath": "props n decorations\\generic-rpg-barrel01.png"
  },
  "9d6a65a4-7089-433a-9012-9cc4bc7b6779": {
    "asset": 1645153402000,
    "meta": 1713428016466,
    "relativePath": "props n decorations\\generic-rpg-barrel02.png"
  },
  "29f58d8c-a1d6-4921-a3a0-3f255063ef46": {
    "asset": 1645153402000,
    "meta": 1713428016453,
    "relativePath": "props n decorations\\generic-rpg-board01.png"
  },
  "94ee5201-8bde-4afb-94d6-23efc12fad5a": {
    "asset": 1645153402000,
    "meta": 1713428016442,
    "relativePath": "props n decorations\\generic-rpg-barrel03.png"
  },
  "b423334b-f6f7-4888-82c3-9e69fd1c6e7f": {
    "asset": 1645153402000,
    "meta": 1713428016455,
    "relativePath": "props n decorations\\generic-rpg-board03.png"
  },
  "1114dd49-2d96-41aa-86cd-4b414607b4ae": {
    "asset": 1645153402000,
    "meta": 1713428016450,
    "relativePath": "props n decorations\\generic-rpg-board02.png"
  },
  "c6af3476-dfa1-4452-9b11-7ba1ecada6ed": {
    "asset": 1645153402000,
    "meta": 1713428016444,
    "relativePath": "props n decorations\\generic-rpg-bridge.png"
  },
  "1640bdee-ff5b-4ba5-b4b0-1d72367189a1": {
    "asset": 1645153402000,
    "meta": 1713428016445,
    "relativePath": "props n decorations\\generic-rpg-board04.png"
  },
  "a2b11174-4d52-4841-a402-986966ea6974": {
    "asset": 1645153402000,
    "meta": 1713428016456,
    "relativePath": "props n decorations\\generic-rpg-crate01.png"
  },
  "54c2c736-6940-49f0-9acd-6625d1b3bcf4": {
    "asset": 1645153402000,
    "meta": 1713428016460,
    "relativePath": "props n decorations\\generic-rpg-crate02.png"
  },
  "b7f2ae73-a4d3-4aaa-babf-6b7739065d96": {
    "asset": 1645153402000,
    "meta": 1713428016464,
    "relativePath": "props n decorations\\generic-rpg-crate03.png"
  },
  "d9702a2b-1862-49c6-9cd2-400b5ed1ae77": {
    "asset": 1645153402000,
    "meta": 1713428016471,
    "relativePath": "props n decorations\\generic-rpg-fence-complete.png"
  },
  "7001a9cc-71ce-4fd6-8321-869068b88a78": {
    "asset": 1645153402000,
    "meta": 1713428016462,
    "relativePath": "props n decorations\\generic-rpg-fence-raw01.png"
  },
  "e2388145-3130-48bd-ad3c-050cc9fbd419": {
    "asset": 1645153402000,
    "meta": 1713428016477,
    "relativePath": "props n decorations\\generic-rpg-fence-raw02.png"
  },
  "52c08a87-7fc7-4476-b3c5-b914b89460b1": {
    "asset": 1645153402000,
    "meta": 1713428016478,
    "relativePath": "props n decorations\\generic-rpg-fence-raw03.png"
  },
  "5694872b-b257-4df7-a149-87096f144f90": {
    "asset": 1645153402000,
    "meta": 1713428016481,
    "relativePath": "props n decorations\\generic-rpg-fence-raw04.png"
  },
  "9f9bf0d2-82af-4762-94c2-5d7059c55f7a": {
    "asset": 1645153402000,
    "meta": 1713428016485,
    "relativePath": "props n decorations\\generic-rpg-fence-raw05.png"
  },
  "a1da293f-a083-45b1-b719-31005f946c07": {
    "asset": 1645153402000,
    "meta": 1713428016487,
    "relativePath": "props n decorations\\generic-rpg-fence-raw06.png"
  },
  "6e85c686-5b27-4d58-87e8-d63a3d304451": {
    "asset": 1645153402000,
    "meta": 1713428016491,
    "relativePath": "props n decorations\\generic-rpg-fence-raw07.png"
  },
  "c9e0e3d4-e8f5-463c-83c6-9b77e582703e": {
    "asset": 1645153402000,
    "meta": 1713428016489,
    "relativePath": "props n decorations\\generic-rpg-fence-raw08.png"
  },
  "7d255e4a-7fed-41d6-bfb0-9fe5cd83595c": {
    "asset": 1645153402000,
    "meta": 1713428016522,
    "relativePath": "props n decorations\\generic-rpg-fence-raw09.png"
  },
  "d59b91fe-7dea-465a-a3f8-8a1430c50204": {
    "asset": 1645153402000,
    "meta": 1713428016517,
    "relativePath": "props n decorations\\generic-rpg-fence-raw10.png"
  },
  "c4edb6d8-c93d-4c9c-b695-ce793f6b29f4": {
    "asset": 1645153402000,
    "meta": 1713428016538,
    "relativePath": "props n decorations\\generic-rpg-fence-raw11.png"
  },
  "03c15ef8-b413-4cd7-8c00-e3238972cef8": {
    "asset": 1645153402000,
    "meta": 1713428016529,
    "relativePath": "props n decorations\\generic-rpg-fence-raw12.png"
  },
  "915e3ad8-8e34-4c4d-930d-7a78785cdeb8": {
    "asset": 1645153402000,
    "meta": 1713428016526,
    "relativePath": "props n decorations\\generic-rpg-fence-raw14.png"
  },
  "1518b8d5-951c-4197-8b88-e547a78a9193": {
    "asset": 1645153402000,
    "meta": 1713428016519,
    "relativePath": "props n decorations\\generic-rpg-fence-raw13.png"
  },
  "606eb679-6040-45f7-aaac-11660bbfc0d5": {
    "asset": 1645153402000,
    "meta": 1713428016530,
    "relativePath": "props n decorations\\generic-rpg-fence-raw15.png"
  },
  "cea0e9ad-9773-4cf4-8e90-caaccdf39d2e": {
    "asset": 1645153402000,
    "meta": 1713428016527,
    "relativePath": "props n decorations\\generic-rpg-fence-raw16.png"
  },
  "a77276d3-5e24-49d4-b26b-0f30d8948f3d": {
    "asset": 1645153402000,
    "meta": 1713428016537,
    "relativePath": "props n decorations\\generic-rpg-fence-raw17.png"
  },
  "63d625fd-49bf-4d99-8445-2eb995933a29": {
    "asset": 1645153402000,
    "meta": 1713428016546,
    "relativePath": "props n decorations\\generic-rpg-fence-raw18.png"
  },
  "0b5eaa2b-46aa-418a-ae40-238740589c60": {
    "asset": 1645153402000,
    "meta": 1713428016555,
    "relativePath": "props n decorations\\generic-rpg-fence-raw19.png"
  },
  "18ba8046-7287-49ca-9c41-d49d6d24022b": {
    "asset": 1645153402000,
    "meta": 1713428016545,
    "relativePath": "props n decorations\\generic-rpg-fence-raw20.png"
  },
  "d21e6559-ef22-4fc3-a1f1-15651d5b14fb": {
    "asset": 1645153402000,
    "meta": 1713428016559,
    "relativePath": "props n decorations\\generic-rpg-fence-raw22.png"
  },
  "385e0181-b62c-4132-a229-c2c57e15275d": {
    "asset": 1645153402000,
    "meta": 1713428016553,
    "relativePath": "props n decorations\\generic-rpg-fence-raw21.png"
  },
  "d8a00466-6a05-4f62-9df8-080c99b67f1e": {
    "asset": 1645153402000,
    "meta": 1713428016565,
    "relativePath": "props n decorations\\generic-rpg-fence-raw24.png"
  },
  "e9c3057b-dcd8-42f4-99bc-6597a9fbb997": {
    "asset": 1645153402000,
    "meta": 1713428016562,
    "relativePath": "props n decorations\\generic-rpg-fence-raw23.png"
  },
  "69ffe413-3860-4de8-a4e5-c81821c85afe": {
    "asset": 1645153402000,
    "meta": 1713428016568,
    "relativePath": "props n decorations\\generic-rpg-fence-raw25.png"
  },
  "979dca5a-2859-4af0-a2b7-ce78a3e782b8": {
    "asset": 1645153402000,
    "meta": 1713428016570,
    "relativePath": "props n decorations\\generic-rpg-fence01.png"
  },
  "e2aaee16-9652-45ac-9324-5700493a0505": {
    "asset": 1645153402000,
    "meta": 1713428016575,
    "relativePath": "props n decorations\\generic-rpg-fence03.png"
  },
  "ed46564b-1e56-405b-9518-a46ec2ad06e5": {
    "asset": 1645153402000,
    "meta": 1713428016572,
    "relativePath": "props n decorations\\generic-rpg-fence02.png"
  },
  "a32e1a35-b743-4527-ad64-5e2a5364b3d5": {
    "asset": 1645153402000,
    "meta": 1713428016596,
    "relativePath": "props n decorations\\generic-rpg-fence04.png"
  },
  "f7b4463d-2b69-4966-8cc9-e4aad8bc4568": {
    "asset": 1645153402000,
    "meta": 1713428016598,
    "relativePath": "props n decorations\\generic-rpg-fence06.png"
  },
  "b4c1c903-66f4-4c39-ae0f-8a16aa9ca700": {
    "asset": 1645153402000,
    "meta": 1713428016592,
    "relativePath": "props n decorations\\generic-rpg-fence05.png"
  },
  "6deadfd9-d524-4f09-95c5-a673f7cafa48": {
    "asset": 1645153402000,
    "meta": 1713428016603,
    "relativePath": "props n decorations\\generic-rpg-fence07.png"
  },
  "443ccf66-7d26-4ee0-b587-7776959670a0": {
    "asset": 1645153402000,
    "meta": 1713428016601,
    "relativePath": "props n decorations\\generic-rpg-fence08.png"
  },
  "aed0a0e1-d442-426f-ab83-5f2569245066": {
    "asset": 1645153402000,
    "meta": 1713428016608,
    "relativePath": "props n decorations\\generic-rpg-fence09.png"
  },
  "b46fc95c-0e07-4d6c-aa71-470dec2328a6": {
    "asset": 1645153402000,
    "meta": 1713428016609,
    "relativePath": "props n decorations\\generic-rpg-fence10.png"
  },
  "022fc1e2-a971-4020-854d-97be7b07c557": {
    "asset": 1645153402000,
    "meta": 1713428016613,
    "relativePath": "props n decorations\\generic-rpg-fence12.png"
  },
  "b763ab5f-8ff7-4e0a-bc81-de7d177134d9": {
    "asset": 1645153402000,
    "meta": 1713428016616,
    "relativePath": "props n decorations\\generic-rpg-fence11.png"
  },
  "d1f8ba03-9863-47f4-8e92-0f30e21f5247": {
    "asset": 1645153402000,
    "meta": 1713428016626,
    "relativePath": "props n decorations\\generic-rpg-fence13.png"
  },
  "36b72868-945e-457e-b294-86f1b711048c": {
    "asset": 1645153402000,
    "meta": 1713428016624,
    "relativePath": "props n decorations\\generic-rpg-fence14.png"
  },
  "801357d8-4c9d-4398-ab9d-ece30b184d1b": {
    "asset": 1645153402000,
    "meta": 1713428016631,
    "relativePath": "props n decorations\\generic-rpg-fish01.png"
  },
  "49f74f90-872c-4167-9c98-289b0b09001a": {
    "asset": 1645153402000,
    "meta": 1713428016621,
    "relativePath": "props n decorations\\generic-rpg-fish02.png"
  },
  "846de604-f844-47d9-88f4-4fadea17ecc1": {
    "asset": 1645153402000,
    "meta": 1713428016633,
    "relativePath": "props n decorations\\generic-rpg-fish03.png"
  },
  "cd2fbe74-852b-4b4d-8402-1091e39867dd": {
    "asset": 1645153402000,
    "meta": 1713428016636,
    "relativePath": "props n decorations\\generic-rpg-fish04.png"
  },
  "2391dc02-f43a-49ac-b001-56f30b677e4e": {
    "asset": 1645153402000,
    "meta": 1713428016638,
    "relativePath": "props n decorations\\generic-rpg-flower01.png"
  },
  "f25395d7-7f68-4e2e-a15e-73563d951433": {
    "asset": 1645153402000,
    "meta": 1713428016644,
    "relativePath": "props n decorations\\generic-rpg-flower02.png"
  },
  "beb6e46c-c11d-4646-86e7-e27dac94bb16": {
    "asset": 1645153402000,
    "meta": 1713428016641,
    "relativePath": "props n decorations\\generic-rpg-flower03.png"
  },
  "4d22948b-3e74-485d-924b-5f9075b99b26": {
    "asset": 1645153402000,
    "meta": 1713428016648,
    "relativePath": "props n decorations\\generic-rpg-flowers.png"
  },
  "efb18fc8-3242-4116-865d-537032e5f438": {
    "asset": 1645153402000,
    "meta": 1713428016651,
    "relativePath": "props n decorations\\generic-rpg-grass01.png"
  },
  "44ca3128-0d19-4da8-b7e6-ee42ff8daf46": {
    "asset": 1645153402000,
    "meta": 1713428016666,
    "relativePath": "props n decorations\\generic-rpg-grass02.png"
  },
  "922b814a-ef23-421b-a02f-d61a870798b2": {
    "asset": 1645153402000,
    "meta": 1713428016716,
    "relativePath": "props n decorations\\generic-rpg-loot01.png"
  },
  "f409842f-5b3f-4f61-b0dd-3d1439eb8242": {
    "asset": 1645153402000,
    "meta": 1713428016713,
    "relativePath": "props n decorations\\generic-rpg-house-inn.png"
  },
  "f7980bd9-ca40-4d92-9641-7e657519449a": {
    "asset": 1645153402000,
    "meta": 1713428016710,
    "relativePath": "props n decorations\\generic-rpg-loot02.png"
  },
  "75903dca-4133-4883-bcee-9633b3407ceb": {
    "asset": 1645153402000,
    "meta": 1713428016719,
    "relativePath": "props n decorations\\generic-rpg-loot03.png"
  },
  "2a9496a9-510d-497e-ab8c-f5477dd9edd3": {
    "asset": 1645153402000,
    "meta": 1713428016766,
    "relativePath": "props n decorations\\generic-rpg-loot04.png"
  },
  "46bd6615-2860-4abf-afba-ee73ad6dd119": {
    "asset": 1645153402000,
    "meta": 1713428016758,
    "relativePath": "props n decorations\\generic-rpg-loot05.png"
  },
  "6ebe9c7e-da0e-4cc0-ba38-9553af421075": {
    "asset": 1645153402000,
    "meta": 1713428016773,
    "relativePath": "props n decorations\\generic-rpg-mini-lake.png"
  },
  "f69bb21d-531b-4b3d-8dc2-1643c6959d44": {
    "asset": 1645153402000,
    "meta": 1713428016779,
    "relativePath": "props n decorations\\generic-rpg-rock01.png"
  },
  "b10a01c1-0357-4ccd-8b75-8aba4cbf34dd": {
    "asset": 1645153402000,
    "meta": 1713428016781,
    "relativePath": "props n decorations\\generic-rpg-rock02.png"
  },
  "ff306178-d27f-416e-96d2-4b6b91f76842": {
    "asset": 1645153402000,
    "meta": 1713428016800,
    "relativePath": "props n decorations\\generic-rpg-rock03.png"
  },
  "f052ffcc-84b1-488c-87a2-7053189a6c0d": {
    "asset": 1645153402000,
    "meta": 1713428016792,
    "relativePath": "props n decorations\\generic-rpg-rock04.png"
  },
  "20f82e00-d4a9-4863-aea9-4abcd6d16503": {
    "asset": 1645153402000,
    "meta": 1713428016802,
    "relativePath": "props n decorations\\generic-rpg-rock05.png"
  },
  "5fc43ac4-bd9a-4a74-b71e-4f8d2e998b22": {
    "asset": 1645153402000,
    "meta": 1713428016801,
    "relativePath": "props n decorations\\generic-rpg-rock06.png"
  },
  "d1cb4a8f-32ca-4ff7-b41c-c0c348791f0e": {
    "asset": 1645153402000,
    "meta": 1713428016813,
    "relativePath": "props n decorations\\generic-rpg-rod.png"
  },
  "6af11bb3-9bd3-4fb0-8ac4-e32fa60f9538": {
    "asset": 1645153402000,
    "meta": 1713428016827,
    "relativePath": "props n decorations\\generic-rpg-treasure-closed.png"
  },
  "ae9a6bbe-99c9-4447-b300-17a55e6f5feb": {
    "asset": 1645153402000,
    "meta": 1713428016813,
    "relativePath": "props n decorations\\generic-rpg-trasure-open.png"
  },
  "51b94193-0319-4205-aabf-c453e8047f6c": {
    "asset": 1645153402000,
    "meta": 1713428017109,
    "relativePath": "props n decorations\\generic-rpg-tree02.png"
  },
  "7ca91cd7-6970-4ab4-9709-560d6ad35645": {
    "asset": 1713425543831,
    "meta": 1713428016358,
    "relativePath": "scenes"
  },
  "05f2b51a-bb29-43ac-b881-46aac1e0ba5f": {
    "asset": 1645153402000,
    "meta": 1713428016829,
    "relativePath": "props n decorations\\generic-rpg-tree01.png"
  },
  "b05dfa5f-12c1-4874-930f-05f6c00c028f": {
    "asset": 1713428597966,
    "meta": 1713428616810,
    "relativePath": "scripts"
  },
  "3dfdba8a-fd3c-4c5b-8cd2-06555f812e99": {
    "asset": 1649742398000,
    "meta": 1713428016709,
    "relativePath": "scripts\\ActorController.ts"
  },
  "404cbb71-f3c1-4fee-8263-98b71e87fbf4": {
    "asset": 1713425544667,
    "meta": 1713428016709,
    "relativePath": "scripts\\ai"
  },
  "39ba7ec3-772d-4432-94ce-cbe144510278": {
    "asset": 1645257988000,
    "meta": 1713428016827,
    "relativePath": "scripts\\ai\\Agent.ts"
  },
  "177538a3-c304-49c4-b763-e17f752cf446": {
    "asset": 1713425544639,
    "meta": 1713428016828,
    "relativePath": "scripts\\ai\\navigation"
  },
  "8889e2ed-f314-41a9-a135-cc567c91a729": {
    "asset": 1713425544766,
    "meta": 1713428016878,
    "relativePath": "scripts\\ai\\strategies"
  },
  "3ea0e9b6-b09c-4435-9f34-4d2ddf9d434e": {
    "asset": 1645275396000,
    "meta": 1713428017108,
    "relativePath": "scripts\\ai\\strategies\\AgentStrategy.ts"
  },
  "18dddf45-a775-4422-a1fb-1dd550dd2d38": {
    "asset": 1713425544857,
    "meta": 1713428016711,
    "relativePath": "scripts\\camera"
  },
  "c64ea824-ace0-43de-9c89-4c17b793892f": {
    "asset": 1713425544972,
    "meta": 1713428016717,
    "relativePath": "scripts\\input"
  },
  "28ae2390-cec1-4dfb-a68d-c53bafa5ebe0": {
    "asset": 1645255792000,
    "meta": 1713428016963,
    "relativePath": "scripts\\input\\Controller.ts"
  },
  "5cb1eff1-ebcd-4422-a2fb-758ad7fac4dd": {
    "asset": 1645273468000,
    "meta": 1713428016977,
    "relativePath": "scripts\\input\\IInputControls.ts"
  },
  "002c5cad-19dd-4a66-af29-e56866524e2a": {
    "asset": 1713425545047,
    "meta": 1713428016743,
    "relativePath": "scripts\\utilities"
  },
  "99e253b7-75cb-4ff6-be9b-94784c9cc69e": {
    "asset": 1645195900000,
    "meta": 1713428017049,
    "relativePath": "scripts\\utilities\\ZSorter.ts"
  },
  "1855d5d9-1337-467f-b888-a1aa00791b3a": {
    "asset": 1645195894000,
    "meta": 1713428017072,
    "relativePath": "scripts\\utilities\\ZSortOnLoad.ts"
  },
  "e3009739-a10c-4bed-ab6b-2d8c2c476f95": {
    "asset": 1713425545133,
    "meta": 1713428016359,
    "relativePath": "tilemaps"
  },
  "a4f8458f-ac90-40e6-878b-58a6eb338511": {
    "asset": 1645153588000,
    "meta": 1713428017187,
    "relativePath": "tilemaps\\atlas.png"
  },
  "18b09696-2492-4af4-8934-56caffa8959a": {
    "asset": 1645331530000,
    "meta": 1713428016945,
    "relativePath": "scripts\\camera\\CameraTransposer.ts"
  },
  "89105f54-41bd-4f93-a8ad-7cbe045a7a01": {
    "asset": 1645331958000,
    "meta": 1713428017181,
    "relativePath": "scripts\\camera\\camera_fade_in.anim"
  },
  "bb205943-b8e8-4ccb-a327-507dc84dac7b": {
    "asset": 1645334026000,
    "meta": 1713428017373,
    "relativePath": "tilemaps\\map1-1.tmx"
  },
  "2748da1b-bfbd-488c-ab81-535fe8a34c8f": {
    "asset": 1713340300000,
    "meta": 1713428016756,
    "relativePath": "scenes\\level1-1.fire"
  },
  "56abca93-09f9-45d6-8bd7-470389392e1e": {
    "asset": 1645717444000,
    "meta": 1713428016742,
    "relativePath": "scripts\\MapManager.ts"
  },
  "1f7aab26-7998-4d22-8605-03cdd7cdaa90": {
    "asset": 1645718112000,
    "meta": 1713428017172,
    "relativePath": "scripts\\ai\\strategies\\Wanderer.ts"
  },
  "c1fb9790-c181-4589-a2f6-3da6f6e48ff0": {
    "asset": 1645722028000,
    "meta": 1713428017094,
    "relativePath": "scripts\\ai\\navigation\\Waypoint.ts"
  },
  "0f1e5e43-99cb-4e56-9f1e-420feeaae3bd": {
    "asset": 1645761088000,
    "meta": 1713428017131,
    "relativePath": "scripts\\ai\\strategies\\Coward.ts"
  },
  "8424a0f9-6069-4362-81fa-b6857770c245": {
    "asset": 1713425539982,
    "meta": 1713428016360,
    "relativePath": "characters\\Green Slime"
  },
  "ed07e045-f1bb-40a8-92fe-ce6221ec70b2": {
    "asset": 1645767078000,
    "meta": 1713428017322,
    "relativePath": "characters\\Green Slime\\slime_green.plist"
  },
  "70ab966e-8afe-44a7-bad5-9ac8d1bc0c9b": {
    "asset": 1713425540350,
    "meta": 1713428016361,
    "relativePath": "characters\\Red Slime"
  },
  "611f486f-1781-41c3-8c53-fe01f7138414": {
    "asset": 1645767148000,
    "meta": 1713428017355,
    "relativePath": "characters\\Red Slime\\slime_red.plist"
  },
  "7388d5cb-4517-420a-a313-21079c725e2b": {
    "asset": 1645767078000,
    "meta": 1713428017188,
    "relativePath": "characters\\Green Slime\\slime_green.png"
  },
  "6438b8fa-9e60-498a-b916-1d6f568d38e5": {
    "asset": 1713425540535,
    "meta": 1713428016362,
    "relativePath": "characters\\Yellow Slime"
  },
  "255f7a0a-c618-4d98-b861-0902c6f43501": {
    "asset": 1645767108000,
    "meta": 1713428017364,
    "relativePath": "characters\\Yellow Slime\\slime_yellow.plist"
  },
  "7a01c140-ed22-4a8f-9285-df53e4dcd603": {
    "asset": 1645767148000,
    "meta": 1713428017193,
    "relativePath": "characters\\Red Slime\\slime_red.png"
  },
  "6a1e2de9-2b86-4249-b7d6-26760300f721": {
    "asset": 1645767108000,
    "meta": 1713428017196,
    "relativePath": "characters\\Yellow Slime\\slime_yellow.png"
  },
  "ef5b9736-0f5f-42fa-ab93-716b7d127fed": {
    "asset": 1645767428000,
    "meta": 1713428016948,
    "relativePath": "characters\\Green Slime\\slime_green_idle.anim"
  },
  "f028f823-48a4-43f9-b753-700f99896c19": {
    "asset": 1645767530000,
    "meta": 1713428016965,
    "relativePath": "characters\\Green Slime\\slime_green_move.anim"
  },
  "fac11dd1-dbf4-4f74-aa73-3a761d9233af": {
    "asset": 1645767688000,
    "meta": 1713428017179,
    "relativePath": "characters\\Yellow Slime\\slime_yellow_idle.anim"
  },
  "bb739ffa-e9a9-4235-8fe4-73ec96625b42": {
    "asset": 1645767714000,
    "meta": 1713428017180,
    "relativePath": "characters\\Yellow Slime\\slime_yellow_move.anim"
  },
  "836d0d2b-a156-4af0-9b95-e674908996e8": {
    "asset": 1645767802000,
    "meta": 1713428017178,
    "relativePath": "characters\\Red Slime\\slime_red_idle.anim"
  },
  "4d1e00bf-0b71-428c-b126-0276aa25e7a3": {
    "asset": 1645767826000,
    "meta": 1713428017178,
    "relativePath": "characters\\Red Slime\\slime_red_move.anim"
  },
  "3b42f61b-d5bc-43ce-b96e-4655b0b732cb": {
    "asset": 1649779290000,
    "meta": 1713428016389,
    "relativePath": "prefabs\\Blue Slime.prefab"
  },
  "80af54de-761b-4745-aae5-66fbfb526b22": {
    "asset": 1649779290000,
    "meta": 1713428016391,
    "relativePath": "prefabs\\Green Slime.prefab"
  },
  "0b710125-d834-432a-aa25-8e633b8160a8": {
    "asset": 1645800432000,
    "meta": 1713428016876,
    "relativePath": "scripts\\ai\\ShyAgent.ts"
  },
  "2a05f010-d942-4f40-8bab-25ec1ea7c812": {
    "asset": 1645795140000,
    "meta": 1713428016907,
    "relativePath": "scripts\\ai\\WanderAgent.ts"
  },
  "600301aa-3357-4a10-b086-84f011fa32ba": {
    "asset": 1713425846688,
    "meta": 1713428014529,
    "relativePath": "image\\default-particle.png"
  },
  "70d7cdb0-04cd-41bb-9480-c06a4785f386": {
    "asset": 1713425846766,
    "meta": 1713428014559,
    "relativePath": "prefab\\3d-camera.prefab"
  },
  "ed88f13d-fcad-4848-aa35-65a2cb973584": {
    "asset": 1713425846770,
    "meta": 1713428014560,
    "relativePath": "prefab\\3d-stage.prefab"
  },
  "70bbeb73-6dc2-4ee4-8faf-76b3a0e34ec4": {
    "asset": 1713425846768,
    "meta": 1713428014558,
    "relativePath": "prefab\\3d-particle.prefab"
  },
  "30682f87-9f0d-4f17-8a44-72863791461b": {
    "asset": 1713425846821,
    "meta": 1713428014602,
    "relativePath": "resources\\effects\\builtin-2d-graphics.effect"
  },
  "f18742d7-56d2-4eb5-ae49-2d9d710b37c8": {
    "asset": 1713425846826,
    "meta": 1713428014622,
    "relativePath": "resources\\effects\\builtin-2d-label.effect"
  },
  "829a282c-b049-4019-bd38-5ace8d8a6417": {
    "asset": 1713425846833,
    "meta": 1713428014685,
    "relativePath": "resources\\effects\\builtin-3d-particle.effect"
  },
  "2a7c0036-e0b3-4fe1-8998-89a54b8a2bec": {
    "asset": 1713425846836,
    "meta": 1713428014699,
    "relativePath": "resources\\effects\\builtin-3d-trail.effect"
  },
  "a153945d-2511-4c14-be7b-05d242f47d57": {
    "asset": 1713425846844,
    "meta": 1713428014798,
    "relativePath": "resources\\materials\\builtin-2d-graphics.mtl"
  },
  "e02d87d4-e599-4d16-8001-e14891ac6506": {
    "asset": 1713425846846,
    "meta": 1713428014799,
    "relativePath": "resources\\materials\\builtin-2d-label.mtl"
  },
  "432fa09c-cf03-4cff-a186-982604408a07": {
    "asset": 1713425846851,
    "meta": 1713428014802,
    "relativePath": "resources\\materials\\builtin-3d-particle.mtl"
  },
  "466d4f9b-e5f4-4ea8-85d5-3c6e9a65658a": {
    "asset": 1713425846853,
    "meta": 1713428014801,
    "relativePath": "resources\\materials\\builtin-3d-trail.mtl"
  },
  "9c95dbd4-bf88-4ec6-a945-cda3e5073ae8": {
    "asset": 1713425540585,
    "meta": 1713428016356,
    "relativePath": "migration"
  },
  "4752d96f-2ce4-4eee-bd33-3716429b3a0d": {
    "asset": 1649779286000,
    "meta": 1713428016384,
    "relativePath": "migration\\use_reversed_rotateTo.js"
  },
  "2ff4d726-4e16-4c28-a697-1166fbd79db8": {
    "asset": 1713340028000,
    "meta": 1713428017026,
    "relativePath": "scripts\\input\\KeyboardControls.ts"
  },
  "579540f8-e0f6-4b9e-ae6f-9785f06df10b": {
    "asset": 1713340270000,
    "meta": 1713428016395,
    "relativePath": "prefabs\\Yellow Slime.prefab"
  },
  "45872f03-cd30-4fad-9c3e-b47be112d20e": {
    "asset": 1713340284000,
    "meta": 1713428016393,
    "relativePath": "prefabs\\Red Slime.prefab"
  }
}