{
  "__type__": "cc.SpriteAtlas",
  "_name": "platform.plist",
  "_objFlags": 0,
  "_native": "",
  "_spriteFrames": {
    "conveyor_0": {
      "__uuid__": "0c6b3026-868c-4a9f-a454-14d022ece39c"
    },
    "conveyor_1": {
      "__uuid__": "367cb790-3b20-443d-9788-09a1ffdf4394"
    },
    "conveyor_2": {
      "__uuid__": "885af660-e8ea-45d5-8f41-1661d0181e50"
    },
    "conveyor_3": {
      "__uuid__": "79327cbb-8d77-49b8-840d-9660c56a504e"
    },
    "fake_0": {
      "__uuid__": "43bf0582-f367-48fa-98c2-f828d3b3041e"
    },
    "fake_1": {
      "__uuid__": "9dd4371b-9062-497a-8881-9c4d3f61ad9c"
    },
    "fake_2": {
      "__uuid__": "af195d8f-61df-4e38-bf73-255efe3fc0ef"
    },
    "fake_3": {
      "__uuid__": "b373c3b5-cb24-4420-8934-558048e09353"
    },
    "fake_4": {
      "__uuid__": "fa9354b4-f23c-46a4-aff7-44ccf18383cd"
    },
    "fake_5": {
      "__uuid__": "9cc7e6b1-2361-42c2-9e7d-e36cadad3cc2"
    },
    "nails": {
      "__uuid__": "52d8a886-0e70-4e33-bc46-6594a429831f"
    },
    "normal": {
      "__uuid__": "71c2e232-043b-4851-b5a5-56a8874f6501"
    },
    "trampoline_0": {
      "__uuid__": "16cf054d-7959-4d76-a3fa-012926829660"
    },
    "trampoline_1": {
      "__uuid__": "631fe576-70e8-4f40-9530-51819639813c"
    },
    "trampoline_2": {
      "__uuid__": "d6cb343d-b783-49f9-8bac-335bf6b8306f"
    },
    "trampoline_3": {
      "__uuid__": "c8619afb-816a-4cba-b909-fff15b0ae141"
    },
    "trampoline_4": {
      "__uuid__": "f5059b67-6e02-4c13-adf0-c5f1c67d8451"
    },
    "trampoline_5": {
      "__uuid__": "4db1f81a-c6a6-446a-95b5-3c05cb53cb71"
    }
  }
}