{
  "__type__": "cc.SpriteAtlas",
  "_name": "slime_red.plist",
  "_objFlags": 0,
  "_native": "",
  "_spriteFrames": {
    "slime_red (1)": {
      "__uuid__": "b51fb3f5-23d4-44e6-9e73-30768ae33fd4"
    },
    "slime_red (10)": {
      "__uuid__": "d8448d3f-eddb-4634-aba7-f629e4403c07"
    },
    "slime_red (11)": {
      "__uuid__": "584c8a32-8ac2-476f-831f-8a2f99f157eb"
    },
    "slime_red (12)": {
      "__uuid__": "0e86d027-9c89-4547-a649-605235bc42c8"
    },
    "slime_red (13)": {
      "__uuid__": "033fb96f-57fe-42b7-a439-76658b99b7ba"
    },
    "slime_red (14)": {
      "__uuid__": "2413598f-7c30-4e0d-a492-6204233c16b3"
    },
    "slime_red (15)": {
      "__uuid__": "2dcdf9ac-099e-437d-81d3-b30378c9208e"
    },
    "slime_red (16)": {
      "__uuid__": "303ad70a-a885-4f48-be44-f1cd765b762b"
    },
    "slime_red (17)": {
      "__uuid__": "c813b63c-40f2-4516-ada8-6252d24683ec"
    },
    "slime_red (18)": {
      "__uuid__": "a13b3647-a446-4b05-9eb6-ddeeb18378d0"
    },
    "slime_red (19)": {
      "__uuid__": "ec8ffd9b-c2cb-42b7-87cf-49309a5e3526"
    },
    "slime_red (2)": {
      "__uuid__": "30e7fb8f-adaa-460a-9ea1-455be6d41fcc"
    },
    "slime_red (20)": {
      "__uuid__": "ce884d2f-4dd3-41a8-bed7-68a4c3c75736"
    },
    "slime_red (21)": {
      "__uuid__": "3f4e42b8-54a1-48e8-b2ff-e461611c0288"
    },
    "slime_red (22)": {
      "__uuid__": "16a117aa-1fcb-4d0d-875e-e62e663f65b1"
    },
    "slime_red (23)": {
      "__uuid__": "5a592a11-a47a-4d19-bbd5-549f6d56b045"
    },
    "slime_red (24)": {
      "__uuid__": "bd3d05e6-04d7-4d7f-a19b-837d279d5813"
    },
    "slime_red (25)": {
      "__uuid__": "0e38bd2a-8ba7-446e-ab96-eabf385b6946"
    },
    "slime_red (3)": {
      "__uuid__": "b6cea5d1-59e0-44fc-ac1a-c421c15c43a3"
    },
    "slime_red (4)": {
      "__uuid__": "f6cd7abc-2250-4523-940b-3faea6590cea"
    },
    "slime_red (5)": {
      "__uuid__": "85369a86-dd1c-4e94-ba82-d21db0c2fcbf"
    },
    "slime_red (6)": {
      "__uuid__": "883f4b66-3bd8-43f2-9e02-698ec7a8cf3a"
    },
    "slime_red (7)": {
      "__uuid__": "ee5ba851-28c5-4841-8079-c2569f86ea0f"
    },
    "slime_red (8)": {
      "__uuid__": "5fa45ca2-0092-4381-b72a-dfa0172d72fa"
    },
    "slime_red (9)": {
      "__uuid__": "fcf9796e-adf0-44cc-969c-c32086f17d4f"
    }
  }
}