{
  "__type__": "cc.AnimationClip",
  "_name": "platform_move_demo",
  "_objFlags": 0,
  "_native": "",
  "_duration": 2,
  "sample": 60,
  "speed": 1,
  "wrapMode": 2,
  "curveData": {
    "props": {
      "position": [
        {
          "frame": 0,
          "value": [
            405,
            130,
            0
          ]
        },
        {
          "frame": 1,
          "value": [
            405,
            230,
            0
          ]
        },
        {
          "frame": 2,
          "value": [
            405,
            130,
            0
          ]
        }
      ]
    }
  },
  "events": []
}