{
  "version": "1.1.1",
  "windows": {
    "main": {
      "main": true,
      "url": "app://editor/index.html",
      "windowType": "dockable",
      "x": 0,
      "y": 0,
      "width": 2196,
      "height": 1236,
      "layout": {
        "type": "dock-h",
        "children": [
          {
            "width": 524.419677734375,
            "height": 1119.2857666015625,
            "type": "dock-v",
            "children": [
              {
                "width": 524.419677734375,
                "height": 386.9375305175781,
                "type": "panel",
                "active": 0,
                "children": [
                  "hierarchy"
                ]
              },
              {
                "width": 524.419677734375,
                "height": 729.3392944335938,
                "type": "panel",
                "active": 0,
                "children": [
                  "assets"
                ]
              }
            ]
          },
          {
            "width": 1126.3035888671875,
            "height": 1119.2857666015625,
            "type": "dock-v",
            "children": [
              {
                "width": 1126.3035888671875,
                "height": 559.625,
                "type": "dock-h",
                "children": [
                  {
                    "width": 668.4107666015625,
                    "height": 559.625,
                    "type": "panel",
                    "active": 0,
                    "children": [
                      "scene"
                    ]
                  },
                  {
                    "width": 454.8839416503906,
                    "height": 559.625,
                    "type": "panel",
                    "active": 0,
                    "children": [
                      "node-library"
                    ]
                  }
                ]
              },
              {
                "width": 1126.3035888671875,
                "height": 556.6607666015625,
                "type": "panel",
                "active": 1,
                "children": [
                  "console",
                  "timeline",
                  "game-window"
                ]
              }
            ]
          },
          {
            "width": 524.419677734375,
            "height": 1119.2857666015625,
            "type": "panel",
            "active": 0,
            "children": [
              "inspector",
              "cocos-services"
            ]
          }
        ]
      },
      "panels": [
        "hierarchy",
        "assets",
        "scene",
        "node-library",
        "console",
        "timeline",
        "game-window",
        "inspector",
        "cocos-services"
      ]
    }
  },
  "panels": {},
  "panelLabelWidth": {}
}
