[
  {
    "__type__": "cc.Prefab",
    "_name": "wood_3",
    "_objFlags": 0,
    "_native": "",
    "data": {
      "__id__": 1
    },
    "optimizationPolicy": 0,
    "asyncLoadAssets": false,
    "readonly": false
  },
  {
    "__type__": "cc.Node",
    "_name": "wood_3",
    "_objFlags": 0,
    "_parent": null,
    "_children": [],
    "_active": true,
    "_components": [
      {
        "__id__": 2
      },
      {
        "__id__": 3
      },
      {
        "__id__": 4
      }
    ],
    "_prefab": {
      "__id__": 5
    },
    "_opacity": 255,
    "_color": {
      "__type__": "cc.Color",
      "r": 255,
      "g": 255,
      "b": 255,
      "a": 255
    },
    "_contentSize": {
      "__type__": "cc.Size",
      "width": 81,
      "height": 83
    },
    "_anchorPoint": {
      "__type__": "cc.Vec2",
      "x": 0.5,
      "y": 0.5
    },
    "_trs": {
      "__type__": "TypedArray",
      "ctor": "Float64Array",
      "array": [
        775.67,
        148.935,
        0,
        0,
        0,
        0,
        1,
        1,
        1,
        1
      ]
    },
    "_eulerAngles": {
      "__type__": "cc.Vec3",
      "x": 0,
      "y": 0,
      "z": 0
    },
    "_skewX": 0,
    "_skewY": 0,
    "_is3DNode": false,
    "_groupIndex": 0,
    "groupIndex": 0,
    "_id": ""
  },
  {
    "__type__": "cc.Sprite",
    "_name": "",
    "_objFlags": 0,
    "node": {
      "__id__": 1
    },
    "_enabled": true,
    "_materials": [
      {
        "__uuid__": "eca5d2f2-8ef6-41c2-bbe6-f9c79d09c432"
      }
    ],
    "_srcBlendFactor": 770,
    "_dstBlendFactor": 771,
    "_spriteFrame": {
      "__uuid__": "64f12f6f-bf7e-4991-86db-f1a5d6130dd5"
    },
    "_type": 0,
    "_sizeMode": 1,
    "_fillType": 0,
    "_fillCenter": {
      "__type__": "cc.Vec2",
      "x": 0,
      "y": 0
    },
    "_fillStart": 0,
    "_fillRange": 0,
    "_isTrimmedMode": true,
    "_atlas": {
      "__uuid__": "c1d31bbb-7a19-4502-aba5-823fe2a00cca"
    },
    "_id": ""
  },
  {
    "__type__": "cc.RigidBody",
    "_name": "",
    "_objFlags": 0,
    "node": {
      "__id__": 1
    },
    "_enabled": true,
    "_type": 2,
    "_allowSleep": true,
    "_gravityScale": 1,
    "_linearDamping": 0,
    "_angularDamping": 0,
    "_linearVelocity": {
      "__type__": "cc.Vec2",
      "x": 0,
      "y": 0
    },
    "_angularVelocity": 0,
    "_fixedRotation": false,
    "enabledContactListener": false,
    "bullet": false,
    "awakeOnLoad": true,
    "_id": ""
  },
  {
    "__type__": "cc.PhysicsBoxCollider",
    "_name": "",
    "_objFlags": 0,
    "node": {
      "__id__": 1
    },
    "_enabled": true,
    "tag": 0,
    "_density": 1,
    "_sensor": false,
    "_friction": 0.2,
    "_restitution": 0,
    "body": null,
    "_offset": {
      "__type__": "cc.Vec2",
      "x": -0.3,
      "y": 0.1
    },
    "_size": {
      "__type__": "cc.Size",
      "width": 79.7,
      "height": 80.6
    },
    "_id": ""
  },
  {
    "__type__": "cc.PrefabInfo",
    "root": {
      "__id__": 1
    },
    "asset": {
      "__id__": 0
    },
    "fileId": "a4hyJRDiNJK5NVS1lwoIOd",
    "sync": false
  }
]