{
  "version": "1.1.1",
  "windows": {
    "main": {
      "main": true,
      "url": "app://editor/index.html",
      "windowType": "dockable",
      "x": 0,
      "y": 0,
      "width": 1708,
      "height": 1020,
      "layout": {
        "type": "dock-h",
        "children": [
          {
            "width": 204.0416717529297,
            "height": 903,
            "type": "dock-v",
            "children": [
              {
                "width": 204.0416717529297,
                "height": 355,
                "type": "panel",
                "active": 0,
                "children": [
                  "hierarchy"
                ]
              },
              {
                "width": 204.0416717529297,
                "height": 544.9896240234375,
                "type": "panel",
                "active": 0,
                "children": [
                  "assets"
                ]
              }
            ]
          },
          {
            "width": 1179.229248046875,
            "height": 903,
            "type": "dock-v",
            "children": [
              {
                "width": 1179.229248046875,
                "height": 442.51043701171875,
                "type": "panel",
                "active": 0,
                "children": [
                  "scene"
                ]
              },
              {
                "width": 1179.229248046875,
                "height": 457.4895935058594,
                "type": "panel",
                "active": 0,
                "children": [
                  "console",
                  "timeline",
                  "game-window"
                ]
              }
            ]
          },
          {
            "width": 304.0625,
            "height": 903,
            "type": "panel",
            "active": 0,
            "children": [
              "inspector",
              "cocos-services"
            ]
          }
        ]
      },
      "panels": [
        "hierarchy",
        "assets",
        "scene",
        "console",
        "timeline",
        "game-window",
        "inspector",
        "cocos-services"
      ]
    }
  },
  "panels": {
    "project-settings": {
      "x": 672,
      "y": 240,
      "width": 600,
      "height": 566
    },
    "sprite-editor": {
      "x": 702,
      "y": 241,
      "width": 514,
      "height": 536
    },
    "builder": {
      "x": 540,
      "y": 58,
      "width": 673,
      "height": 741
    },
    "preferences": {
      "x": 292,
      "y": 96,
      "width": 605,
      "height": 569
    }
  },
  "panelLabelWidth": {
    "inspector": null,
    "builder": null,
    "preferences": null
  },
  "panelLabelWidth.inspector": null,
  "panelLabelWidth.builder": null,
  "panelLabelWidth.preferences": null
}
