{
  "__type__": "cc.SpriteAtlas",
  "_name": "slime_yellow.plist",
  "_objFlags": 0,
  "_native": "",
  "_spriteFrames": {
    "slime_yellow (1)": {
      "__uuid__": "aa38ec4e-f031-49d3-ad8f-83bb1ce90ca9"
    },
    "slime_yellow (10)": {
      "__uuid__": "47fa100a-6fd9-4a8e-9e07-2efbb97d98f9"
    },
    "slime_yellow (11)": {
      "__uuid__": "e4cc63c8-81d4-45b3-8d77-4d9abc0675d4"
    },
    "slime_yellow (12)": {
      "__uuid__": "234913e2-b89a-4aaa-a952-d2eeca27f3a2"
    },
    "slime_yellow (13)": {
      "__uuid__": "0ef98b68-b341-4fcf-a45b-d16521da40b6"
    },
    "slime_yellow (14)": {
      "__uuid__": "ec610649-cd8b-408c-8f97-1b76f79189f5"
    },
    "slime_yellow (15)": {
      "__uuid__": "c5a8f183-8f09-4b3d-8024-4f853743451b"
    },
    "slime_yellow (16)": {
      "__uuid__": "d831123e-d33c-4bda-9ec0-c3db79402a6a"
    },
    "slime_yellow (17)": {
      "__uuid__": "dab49d47-cf4c-401b-8363-ba10d0f872ca"
    },
    "slime_yellow (18)": {
      "__uuid__": "cfaba070-67f9-4372-b93d-e644aa8110a4"
    },
    "slime_yellow (19)": {
      "__uuid__": "e1625eee-b921-4a21-a52f-f85fd7fc8bd0"
    },
    "slime_yellow (2)": {
      "__uuid__": "c5cc99e5-3c16-4033-bb2a-95936c478a3a"
    },
    "slime_yellow (20)": {
      "__uuid__": "dcd4092f-9ca8-481b-a367-af436e902937"
    },
    "slime_yellow (21)": {
      "__uuid__": "47355579-f7f3-4f0f-9b3f-87b3df39d354"
    },
    "slime_yellow (22)": {
      "__uuid__": "e0a417d5-95d6-461f-8bce-fa27ab4b2185"
    },
    "slime_yellow (23)": {
      "__uuid__": "a8b85fac-d806-42cc-9447-e2cc10a5148d"
    },
    "slime_yellow (24)": {
      "__uuid__": "78f43537-285a-4823-b9e1-f2b4570118a2"
    },
    "slime_yellow (25)": {
      "__uuid__": "da228a07-8bf1-4f43-9e14-895e48705a59"
    },
    "slime_yellow (3)": {
      "__uuid__": "d23d2dbe-ae7a-4016-b704-8eb123bf7721"
    },
    "slime_yellow (4)": {
      "__uuid__": "e7698e9b-db74-47fc-9c5f-87745088a3f3"
    },
    "slime_yellow (5)": {
      "__uuid__": "b3be5667-23d6-4a2b-9ed1-930c5e22207b"
    },
    "slime_yellow (6)": {
      "__uuid__": "bc745f6d-eb94-442b-9529-b5a05e47461d"
    },
    "slime_yellow (7)": {
      "__uuid__": "3f7e86dc-7e60-4b0b-a3d9-a3c1fa670295"
    },
    "slime_yellow (8)": {
      "__uuid__": "5914ae6e-e0c6-4ca2-b4ba-5f83b9b6368d"
    },
    "slime_yellow (9)": {
      "__uuid__": "42a9e788-04d7-4c3a-b7ea-0a2dca02871c"
    }
  }
}