{
  "version": "1.1.1",
  "windows": {
    "main": {
      "main": true,
      "url": "app://editor/index.html",
      "windowType": "dockable",
      "x": 0,
      "y": 0,
      "width": 1920,
      "height": 1032,
      "layout": {
        "type": "dock-h",
        "children": [
          {
            "width": 376.828125,
            "height": 914,
            "type": "dock-v",
            "children": [
              {
                "width": 376.828125,
                "height": 551.3125,
                "type": "panel",
                "active": 0,
                "children": [
                  "hierarchy"
                ]
              },
              {
                "width": 376.828125,
                "height": 359.6875,
                "type": "panel",
                "active": 0,
                "children": [
                  "assets"
                ]
              }
            ]
          },
          {
            "width": 958.90625,
            "height": 914,
            "type": "dock-v",
            "children": [
              {
                "width": 958.90625,
                "height": 643.6875,
                "type": "panel",
                "active": 0,
                "children": [
                  "scene",
                  "node-library"
                ]
              },
              {
                "width": 958.90625,
                "height": 267.296875,
                "type": "panel",
                "active": 0,
                "children": [
                  "console",
                  "timeline",
                  "game-window"
                ]
              }
            ]
          },
          {
            "width": 562.25,
            "height": 914,
            "type": "panel",
            "active": 0,
            "children": [
              "inspector",
              "cocos-services"
            ]
          }
        ]
      },
      "panels": [
        "hierarchy",
        "assets",
        "scene",
        "node-library",
        "console",
        "timeline",
        "game-window",
        "inspector",
        "cocos-services"
      ]
    },
    " common-asset-worker-worker": {}
  },
  "panels": {
    "preferences": {
      "x": 278,
      "y": 226,
      "width": 824,
      "height": 565
    },
    "project-settings": {
      "x": 672,
      "y": 236,
      "width": 600,
      "height": 565
    }
  },
  "panelLabelWidth": {
    "inspector": null
  },
  "panelLabelWidth.inspector": null
}
