{
  "ef560ffb-69c7-4170-a965-6e6f222551ca": {
    "asset": 1682923463266,
    "meta": 1682923634927,
    "relativePath": "Images"
  },
  "0aadb0c8-2c50-4f82-b928-0e142c194e45": {
    "asset": 1588316732000,
    "meta": 1682923635506,
    "relativePath": "Images\\background.jpg"
  },
  "a07cfd53-6381-4b96-ba60-f80e1c8c2231": {
    "asset": 1588319934000,
    "meta": 1682923636480,
    "relativePath": "Images\\Birds.plist"
  },
  "482d0785-8da3-4687-93ff-a31ec198186e": {
    "asset": 1588319934000,
    "meta": 1682923635249,
    "relativePath": "Images\\Birds.png"
  },
  "66004712-2a56-4b87-b134-6c8b19d3a54d": {
    "asset": 1682923462450,
    "meta": 1682923634932,
    "relativePath": "Scenes"
  },
  "b1c63dbf-5b35-4304-ac63-46f9071fd88f": {
    "asset": 1683311685667,
    "meta": 1683311685681,
    "relativePath": "Scenes\\main.fire"
  },
  "7a14961b-26e2-46da-8e6b-e12c99d39ccb": {
    "asset": 1682923463577,
    "meta": 1682923634934,
    "relativePath": "Scripts"
  },
  "c1d31bbb-7a19-4502-aba5-823fe2a00cca": {
    "asset": 1588330760000,
    "meta": 1682923636489,
    "relativePath": "Images\\Wood.plist"
  },
  "38ff4fad-5b6e-4cca-acc6-64ec4b9fa969": {
    "asset": 1588330760000,
    "meta": 1682923635209,
    "relativePath": "Images\\Wood.png"
  },
  "72c7cde1-367c-41fe-8cae-875bdc28710a": {
    "asset": 1682924259385,
    "meta": 1683308005064,
    "relativePath": "Prefabs"
  },
  "070a08f6-33fc-42d4-a988-981a4b368a20": {
    "asset": 1650026558000,
    "meta": 1682923635224,
    "relativePath": "Prefabs\\wood_0.prefab"
  },
  "061e5ebc-af26-42a4-81e2-199aebbe0a1d": {
    "asset": 1650026558000,
    "meta": 1682923635229,
    "relativePath": "Prefabs\\wood_1.prefab"
  },
  "c0fc4d2f-7231-48ba-a41d-40b95d9238a4": {
    "asset": 1650026558000,
    "meta": 1682923635233,
    "relativePath": "Prefabs\\wood_2.prefab"
  },
  "135c5bcf-966a-434d-abe8-d9f9663b1630": {
    "asset": 1650026558000,
    "meta": 1682923635243,
    "relativePath": "Prefabs\\wood_3.prefab"
  },
  "f495da62-bdea-4401-b911-ef4f92484863": {
    "asset": 1650026558000,
    "meta": 1682923635247,
    "relativePath": "Prefabs\\wood_4.prefab"
  },
  "29c4a44b-f428-4a29-8d11-7b08c3f674d9": {
    "asset": 1650026558000,
    "meta": 1682923635441,
    "relativePath": "Prefabs\\wood_5.prefab"
  },
  "e8c23d83-699d-488e-ba00-72f6edaf75cf": {
    "asset": 1650026558000,
    "meta": 1682923635566,
    "relativePath": "Prefabs\\wood_6.prefab"
  },
  "191ce611-0be2-4578-a3ec-e193451a1a87": {
    "asset": 1650879364000,
    "meta": 1682924256318,
    "relativePath": "Prefabs\\pig_bg.prefab"
  },
  "0520e2fd-4be1-41a6-8ca6-f157eee007c4": {
    "asset": 1650879372000,
    "meta": 1682924259393,
    "relativePath": "Prefabs\\pig_sm.prefab"
  },
  "71751a2c-9a03-4240-92bb-9e874a10a0f1": {
    "asset": 1588602360000,
    "meta": 1682923635290,
    "relativePath": "Scripts\\anchor.ts"
  },
  "183e2b0b-70af-4096-9a27-7f1a3342d558": {
    "asset": 1682923463618,
    "meta": 1682923634928,
    "relativePath": "migration"
  },
  "ab1275dc-4d7a-4e1a-bdd9-0c0ce6d508fd": {
    "asset": 1650026554000,
    "meta": 1682923635149,
    "relativePath": "migration\\use_reversed_rotateTo.js"
  },
  "66fbf549-e5f8-4aa3-9d66-9fa6673f0e5e": {
    "asset": 1650218208000,
    "meta": 1682923635239,
    "relativePath": "Images\\Menu Background.jpg"
  },
  "f6cbda40-b43b-444a-8290-bc87dd48750a": {
    "asset": 1650876486000,
    "meta": 1682923635583,
    "relativePath": "Scenes\\menu.fire"
  },
  "0f2705a1-2054-446e-9429-6882fa3aae03": {
    "asset": 1589268650000,
    "meta": 1682923635218,
    "relativePath": "Images\\button.png"
  },
  "b0dadffa-b6bc-47c3-8a18-c093dc3e1b55": {
    "asset": 1682923463414,
    "meta": 1682923634925,
    "relativePath": "Audio"
  },
  "edcc6350-e534-4f02-815b-f80c36102a80": {
    "asset": 1650279096000,
    "meta": 1682923636194,
    "relativePath": "Audio\\Bird Flying.mp3"
  },
  "28e54ecc-5c22-4ee4-9daf-c2b7fc68c389": {
    "asset": 1650293980000,
    "meta": 1682923636235,
    "relativePath": "Audio\\BGM.mp3"
  },
  "772bc345-484a-4c59-8869-5c4be4c28c51": {
    "asset": 1651078004000,
    "meta": 1682923635203,
    "relativePath": "Prefabs\\smoke.prefab"
  },
  "92efa87c-4214-479a-861b-2e5cd958507b": {
    "asset": 1650880200000,
    "meta": 1682923635559,
    "relativePath": "Scripts\\menu.ts"
  },
  "db5ccbb6-989a-4513-a80a-d63e95233f14": {
    "asset": 1650903510000,
    "meta": 1682923635501,
    "relativePath": "Scripts\\GameManager.ts"
  },
  "d316ca2e-bc62-49f5-89a8-47882dc112ee": {
    "asset": 1651079012000,
    "meta": 1682923635214,
    "relativePath": "Prefabs\\smoke2 .prefab"
  },
  "9836134e-b892-4283-b6b2-78b5acf3ed45": {
    "asset": 1682520407431,
    "meta": 1683462428505,
    "relativePath": "effects"
  },
  "abc2cb62-7852-4525-a90d-d474487b88f2": {
    "asset": 1682520407425,
    "meta": 1683462428580,
    "relativePath": "effects\\builtin-phong.effect"
  },
  "e2f00085-c597-422d-9759-52c360279106": {
    "asset": 1682520407427,
    "meta": 1683462428613,
    "relativePath": "effects\\builtin-toon.effect"
  },
  "430eccbf-bf2c-4e6e-8c0c-884bbb487f32": {
    "asset": 1682520407428,
    "meta": 1683462428621,
    "relativePath": "effects\\__builtin-editor-gizmo-line.effect"
  },
  "6c5cf6e1-b044-4eac-9431-835644d57381": {
    "asset": 1682520407429,
    "meta": 1683462428624,
    "relativePath": "effects\\__builtin-editor-gizmo-unlit.effect"
  },
  "115286d1-2e10-49ee-aab4-341583f607e8": {
    "asset": 1682520407430,
    "meta": 1683462428642,
    "relativePath": "effects\\__builtin-editor-gizmo.effect"
  },
  "f8e6b000-5643-4b86-9080-aa680ce1f599": {
    "asset": 1682520407458,
    "meta": 1683462428505,
    "relativePath": "image"
  },
  "e851e89b-faa2-4484-bea6-5c01dd9f06e2": {
    "asset": 1682520407434,
    "meta": 1683462428673,
    "relativePath": "image\\default_btn_normal.png"
  },
  "edd215b9-2796-4a05-aaf5-81f96c9281ce": {
    "asset": 1682520407437,
    "meta": 1683462428680,
    "relativePath": "image\\default_editbox_bg.png"
  },
  "71561142-4c83-4933-afca-cb7a17f67053": {
    "asset": 1682520407433,
    "meta": 1683462428679,
    "relativePath": "image\\default_btn_disabled.png"
  },
  "cfef78f1-c8df-49b7-8ed0-4c953ace2621": {
    "asset": 1682520407439,
    "meta": 1683462428671,
    "relativePath": "image\\default_progressbar.png"
  },
  "600301aa-3357-4a10-b086-84f011fa32ba": {
    "asset": 1682520407432,
    "meta": 1683462428675,
    "relativePath": "image\\default-particle.png"
  },
  "b43ff3c2-02bb-4874-81f7-f2dea6970f18": {
    "asset": 1682520407435,
    "meta": 1683462428672,
    "relativePath": "image\\default_btn_pressed.png"
  },
  "99170b0b-d210-46f1-b213-7d9e3f23098a": {
    "asset": 1682520407440,
    "meta": 1683462428677,
    "relativePath": "image\\default_progressbar_bg.png"
  },
  "d81ec8ad-247c-4e62-aa3c-d35c4193c7af": {
    "asset": 1682520407438,
    "meta": 1683462428683,
    "relativePath": "image\\default_panel.png"
  },
  "0291c134-b3da-4098-b7b5-e397edbe947f": {
    "asset": 1682520407444,
    "meta": 1683462428681,
    "relativePath": "image\\default_scrollbar.png"
  },
  "4bab67cb-18e6-4099-b840-355f0473f890": {
    "asset": 1682520407445,
    "meta": 1683462428686,
    "relativePath": "image\\default_scrollbar_bg.png"
  },
  "5c3eedba-6c41-4c0c-9ba7-d91f813cbd1c": {
    "asset": 1682520407461,
    "meta": 1683462428505,
    "relativePath": "materials"
  },
  "9d60001f-b5f4-4726-a629-2659e3ded0b8": {
    "asset": 1682520407443,
    "meta": 1683462428693,
    "relativePath": "image\\default_radio_button_on.png"
  },
  "fc09f9bd-2cce-4605-b630-8145ef809ed6": {
    "asset": 1682520407466,
    "meta": 1683462428506,
    "relativePath": "misc"
  },
  "567dcd80-8bf4-4535-8a5a-313f1caf078a": {
    "asset": 1682520407442,
    "meta": 1683462428694,
    "relativePath": "image\\default_radio_button_off.png"
  },
  "d6d3ca85-4681-47c1-b5dd-d036a9d39ea2": {
    "asset": 1682520407446,
    "meta": 1683462428695,
    "relativePath": "image\\default_scrollbar_vertical.png"
  },
  "db019bf7-f71c-4111-98cf-918ea180cb48": {
    "asset": 1682520407480,
    "meta": 1683462428506,
    "relativePath": "model"
  },
  "617323dd-11f4-4dd3-8eec-0caf6b3b45b9": {
    "asset": 1682520407447,
    "meta": 1683462428688,
    "relativePath": "image\\default_scrollbar_vertical_bg.png"
  },
  "e39e96e6-6f6e-413f-bcf1-ac7679bb648a": {
    "asset": 1682520407477,
    "meta": 1683462428646,
    "relativePath": "model\\prefab"
  },
  "c4480a0a-6ac5-443f-8b40-361a14257fc8": {
    "asset": 1682520407460,
    "meta": 1683462428837,
    "relativePath": "materials\\builtin-phong.mtl"
  },
  "a87cc147-01b2-43f8-8e42-a7ca90b0c757": {
    "asset": 1682520407469,
    "meta": 1683462428805,
    "relativePath": "model\\prefab\\box.prefab"
  },
  "6e056173-d285-473c-b206-40a7fff5386e": {
    "asset": 1682520407448,
    "meta": 1683462428702,
    "relativePath": "image\\default_sprite.png"
  },
  "fe1417b6-fe6b-46a4-ae7c-9fd331f33a2a": {
    "asset": 1682520407470,
    "meta": 1683462428807,
    "relativePath": "model\\prefab\\capsule.prefab"
  },
  "0275e94c-56a7-410f-bd1a-fc7483f7d14a": {
    "asset": 1682520407450,
    "meta": 1683462428689,
    "relativePath": "image\\default_sprite_splash.png"
  },
  "b5fc2cf2-7942-483d-be1f-bbeadc4714ad": {
    "asset": 1682520407471,
    "meta": 1683462428803,
    "relativePath": "model\\prefab\\cone.prefab"
  },
  "73a0903d-d80e-4e3c-aa67-f999543c08f5": {
    "asset": 1682520407451,
    "meta": 1683462428694,
    "relativePath": "image\\default_toggle_checkmark.png"
  },
  "f6e6dd15-71d1-4ffe-ace7-24fd39942c05": {
    "asset": 1682520407483,
    "meta": 1683462428506,
    "relativePath": "obsolete"
  },
  "d29077ba-1627-4a72-9579-7b56a235340c": {
    "asset": 1682520407455,
    "meta": 1683462428687,
    "relativePath": "image\\default_toggle_normal.png"
  },
  "1c5e4038-953a-44c2-b620-0bbfc6170477": {
    "asset": 1682520407473,
    "meta": 1683462428806,
    "relativePath": "model\\prefab\\cylinder.prefab"
  },
  "f743d2b6-b7ea-4c14-a55b-547ed4d0a045": {
    "asset": 1682520407486,
    "meta": 1683462428507,
    "relativePath": "particle"
  },
  "b181c1e4-0a72-4a91-bfb0-ae6f36ca60bd": {
    "asset": 1682520407457,
    "meta": 1683462428702,
    "relativePath": "image\\default_toggle_pressed.png"
  },
  "3f376125-a699-40ca-ad05-04d662eaa1f2": {
    "asset": 1682520407474,
    "meta": 1683462428805,
    "relativePath": "model\\prefab\\plane.prefab"
  },
  "c25b9d50-c8fc-4d27-beeb-6e7c1f2e5c0f": {
    "asset": 1682520407452,
    "meta": 1683462428701,
    "relativePath": "image\\default_toggle_disabled.png"
  },
  "2be36297-9abb-4fee-8049-9ed5e271da8a": {
    "asset": 1682520407466,
    "meta": 1683462428697,
    "relativePath": "misc\\default_video.mp4"
  },
  "ae6c6c98-11e4-452f-8758-75f5c6a56e83": {
    "asset": 1682520407520,
    "meta": 1683462428507,
    "relativePath": "prefab"
  },
  "6c9ef10d-b479-420b-bfe6-39cdda6a8ae0": {
    "asset": 1682520407475,
    "meta": 1683462428804,
    "relativePath": "model\\prefab\\quad.prefab"
  },
  "2d9a4b85-b0ab-4c46-84c5-18f393ab2058": {
    "asset": 1682520407476,
    "meta": 1683462428809,
    "relativePath": "model\\prefab\\sphere.prefab"
  },
  "de510076-056b-484f-b94c-83bef217d0e1": {
    "asset": 1682520407477,
    "meta": 1683462428809,
    "relativePath": "model\\prefab\\torus.prefab"
  },
  "897ef7a1-4860-4f64-968d-f5924b18668a": {
    "asset": 1682520407487,
    "meta": 1683462428704,
    "relativePath": "prefab\\2d-camera.prefab"
  },
  "70d7cdb0-04cd-41bb-9480-c06a4785f386": {
    "asset": 1682520407489,
    "meta": 1683462428705,
    "relativePath": "prefab\\3d-camera.prefab"
  },
  "ed88f13d-fcad-4848-aa35-65a2cb973584": {
    "asset": 1682520407491,
    "meta": 1683462428704,
    "relativePath": "prefab\\3d-stage.prefab"
  },
  "70bbeb73-6dc2-4ee4-8faf-76b3a0e34ec4": {
    "asset": 1682520407490,
    "meta": 1683462428706,
    "relativePath": "prefab\\3d-particle.prefab"
  },
  "972b9a4d-47ee-4c74-b5c3-61d8a69bc29f": {
    "asset": 1682520407492,
    "meta": 1683462428707,
    "relativePath": "prefab\\button.prefab"
  },
  "a3ee0214-b432-4865-9666-4a3211814282": {
    "asset": 1682520407503,
    "meta": 1683462428686,
    "relativePath": "prefab\\light"
  },
  "2c937608-2562-40ea-b264-7395df6f0cea": {
    "asset": 1682520407493,
    "meta": 1683462428709,
    "relativePath": "prefab\\canvas.prefab"
  },
  "61aeb05b-3b32-452b-8eed-2b76deeed554": {
    "asset": 1682520407494,
    "meta": 1683462428708,
    "relativePath": "prefab\\editbox.prefab"
  },
  "27756ebb-3d33-44b0-9b96-e858fadd4dd4": {
    "asset": 1682520407495,
    "meta": 1683462428708,
    "relativePath": "prefab\\label.prefab"
  },
  "785a442c-3ceb-45be-a46e-7317f625f3b9": {
    "asset": 1682520407498,
    "meta": 1683462428710,
    "relativePath": "prefab\\layout.prefab"
  },
  "ca8401fe-ad6e-41a8-bd46-8e3e4e9945be": {
    "asset": 1682520407504,
    "meta": 1683462428711,
    "relativePath": "prefab\\pageview.prefab"
  },
  "cd33edea-55f5-46c2-958d-357a01384a36": {
    "asset": 1682520407505,
    "meta": 1683462428712,
    "relativePath": "prefab\\particlesystem.prefab"
  },
  "5965ffac-69da-4b55-bcde-9225d0613c28": {
    "asset": 1682520407506,
    "meta": 1683462428711,
    "relativePath": "prefab\\progressBar.prefab"
  },
  "4a37dd57-78cd-4cec-aad4-f11a73d12b63": {
    "asset": 1682520407507,
    "meta": 1683462428713,
    "relativePath": "prefab\\richtext.prefab"
  },
  "32044bd2-481f-4cf1-a656-e2b2fb1594eb": {
    "asset": 1682520407508,
    "meta": 1683462428714,
    "relativePath": "prefab\\scrollview.prefab"
  },
  "8a96b965-2dc0-4e03-aa90-3b79cb93b5b4": {
    "asset": 1682520407483,
    "meta": 1683462428703,
    "relativePath": "obsolete\\atom.png"
  },
  "0004d1cf-a0ad-47d8-ab17-34d3db9d35a3": {
    "asset": 1682520407509,
    "meta": 1683462428715,
    "relativePath": "prefab\\slider.prefab"
  },
  "96083d03-c332-4a3f-9386-d03e2d19e8ee": {
    "asset": 1682520407510,
    "meta": 1683462428723,
    "relativePath": "prefab\\sprite.prefab"
  },
  "1f55e3be-b89b-4b79-88de-47fd31018044": {
    "asset": 1682520407511,
    "meta": 1683462428720,
    "relativePath": "prefab\\sprite_splash.prefab"
  },
  "7de03a80-4457-438d-95a7-3e7cdffd6086": {
    "asset": 1682520407512,
    "meta": 1683462428784,
    "relativePath": "prefab\\tiledmap.prefab"
  },
  "0e42ba95-1fa1-46aa-b2cf-143cd1bcee2c": {
    "asset": 1682520407514,
    "meta": 1683462428800,
    "relativePath": "prefab\\tiledtile.prefab"
  },
  "d0a82d39-bede-46c4-b698-c81ff0dedfff": {
    "asset": 1682520407486,
    "meta": 1683462428772,
    "relativePath": "particle\\atom.png"
  },
  "0d784963-d024-4ea6-a7db-03be0ad63010": {
    "asset": 1682520407515,
    "meta": 1683462428800,
    "relativePath": "prefab\\toggle.prefab"
  },
  "bf0a434c-84dd-4a8e-a08a-7a36f180cc75": {
    "asset": 1682520407516,
    "meta": 1683462428801,
    "relativePath": "prefab\\toggleContainer.prefab"
  },
  "232d2782-c4bd-4bb4-9e01-909f03d6d3b9": {
    "asset": 1682520407519,
    "meta": 1683462428804,
    "relativePath": "prefab\\videoplayer.prefab"
  },
  "d8afc78c-4eac-4a9f-83dd-67bc70344d33": {
    "asset": 1682520407533,
    "meta": 1683462428507,
    "relativePath": "resources"
  },
  "d1b8be49-b0a0-435c-83b7-552bed4bbe35": {
    "asset": 1682520407517,
    "meta": 1683462428802,
    "relativePath": "prefab\\toggleGroup.prefab"
  },
  "294c1663-4adf-4a1e-a795-53808011a38a": {
    "asset": 1682520407533,
    "meta": 1683462428705,
    "relativePath": "resources\\effects"
  },
  "bbee2217-c261-49bd-a8ce-708d6bcc3500": {
    "asset": 1682520407544,
    "meta": 1683462428706,
    "relativePath": "resources\\materials"
  },
  "30682f87-9f0d-4f17-8a44-72863791461b": {
    "asset": 1682520407522,
    "meta": 1683462428719,
    "relativePath": "resources\\effects\\builtin-2d-graphics.effect"
  },
  "144c3297-af63-49e8-b8ef-1cfa29b3be28": {
    "asset": 1682520407524,
    "meta": 1683462428723,
    "relativePath": "resources\\effects\\builtin-2d-gray-sprite.effect"
  },
  "f18742d7-56d2-4eb5-ae49-2d9d710b37c8": {
    "asset": 1682520407525,
    "meta": 1683462428728,
    "relativePath": "resources\\effects\\builtin-2d-label.effect"
  },
  "8c5001fd-07ee-4a4b-a8a0-63e15195e94d": {
    "asset": 1682520407520,
    "meta": 1683462428803,
    "relativePath": "prefab\\webview.prefab"
  },
  "0e93aeaa-0b53-4e40-b8e0-6268b4e07bd7": {
    "asset": 1682520407526,
    "meta": 1683462428733,
    "relativePath": "resources\\effects\\builtin-2d-spine.effect"
  },
  "61906da3-7003-4bda-9abc-5769c76faee4": {
    "asset": 1682520407499,
    "meta": 1683462428808,
    "relativePath": "prefab\\light\\ambient.prefab"
  },
  "2874f8dd-416c-4440-81b7-555975426e93": {
    "asset": 1682520407527,
    "meta": 1683462428736,
    "relativePath": "resources\\effects\\builtin-2d-sprite.effect"
  },
  "829a282c-b049-4019-bd38-5ace8d8a6417": {
    "asset": 1682520407528,
    "meta": 1683462428771,
    "relativePath": "resources\\effects\\builtin-3d-particle.effect"
  },
  "2a7c0036-e0b3-4fe1-8998-89a54b8a2bec": {
    "asset": 1682520407530,
    "meta": 1683462428781,
    "relativePath": "resources\\effects\\builtin-3d-trail.effect"
  },
  "c0040c95-c57f-49cd-9cbc-12316b73d0d4": {
    "asset": 1682520407531,
    "meta": 1683462428788,
    "relativePath": "resources\\effects\\builtin-clear-stencil.effect"
  },
  "6d91e591-4ce0-465c-809f-610ec95019c6": {
    "asset": 1682520407532,
    "meta": 1683462428798,
    "relativePath": "resources\\effects\\builtin-unlit.effect"
  },
  "ddb99b39-7004-47cd-9705-751905c43c46": {
    "asset": 1682520407501,
    "meta": 1683462428808,
    "relativePath": "prefab\\light\\directional.prefab"
  },
  "0cf30284-9073-46bc-9eba-e62b69dbbff3": {
    "asset": 1682520407502,
    "meta": 1683462428807,
    "relativePath": "prefab\\light\\point.prefab"
  },
  "f5331fd2-bf42-4ee3-a3fd-3e1657600eff": {
    "asset": 1682520407503,
    "meta": 1683462428810,
    "relativePath": "prefab\\light\\spot.prefab"
  },
  "6f801092-0c37-4f30-89ef-c8d960825b36": {
    "asset": 1682520407534,
    "meta": 1683462428848,
    "relativePath": "resources\\materials\\builtin-2d-base.mtl"
  },
  "3a7bb79f-32fd-422e-ada2-96f518fed422": {
    "asset": 1682520407536,
    "meta": 1683462428848,
    "relativePath": "resources\\materials\\builtin-2d-gray-sprite.mtl"
  },
  "a153945d-2511-4c14-be7b-05d242f47d57": {
    "asset": 1682520407535,
    "meta": 1683462428847,
    "relativePath": "resources\\materials\\builtin-2d-graphics.mtl"
  },
  "e02d87d4-e599-4d16-8001-e14891ac6506": {
    "asset": 1682520407537,
    "meta": 1683462428848,
    "relativePath": "resources\\materials\\builtin-2d-label.mtl"
  },
  "7afd064b-113f-480e-b793-8817d19f63c3": {
    "asset": 1682520407538,
    "meta": 1683462428849,
    "relativePath": "resources\\materials\\builtin-2d-spine.mtl"
  },
  "eca5d2f2-8ef6-41c2-bbe6-f9c79d09c432": {
    "asset": 1682520407539,
    "meta": 1683462428849,
    "relativePath": "resources\\materials\\builtin-2d-sprite.mtl"
  },
  "432fa09c-cf03-4cff-a186-982604408a07": {
    "asset": 1682520407540,
    "meta": 1683462428849,
    "relativePath": "resources\\materials\\builtin-3d-particle.mtl"
  },
  "466d4f9b-e5f4-4ea8-85d5-3c6e9a65658a": {
    "asset": 1682520407541,
    "meta": 1683462428850,
    "relativePath": "resources\\materials\\builtin-3d-trail.mtl"
  },
  "2a296057-247c-4a1c-bbeb-0548b6c98650": {
    "asset": 1682520407543,
    "meta": 1683462428850,
    "relativePath": "resources\\materials\\builtin-unlit.mtl"
  },
  "cf7e0bb8-a81c-44a9-ad79-d28d43991032": {
    "asset": 1682520407542,
    "meta": 1683462428850,
    "relativePath": "resources\\materials\\builtin-clear-stencil.mtl"
  },
  "b8223619-7e38-47c4-841f-9160c232495a": {
    "asset": 1682520407481,
    "meta": 1683462428862,
    "relativePath": "obsolete\\atom.plist"
  },
  "b2687ac4-099e-403c-a192-ff477686f4f5": {
    "asset": 1682520407485,
    "meta": 1683462428862,
    "relativePath": "particle\\atom.plist"
  },
  "954fec8b-cd16-4bb9-a3b7-7719660e7558": {
    "asset": 1682520407479,
    "meta": 1683462429849,
    "relativePath": "model\\primitives.fbx"
  },
  "6d012408-cb2e-4538-ba73-72df70203ce6": {
    "asset": 1683462484208,
    "meta": 1683462485992,
    "relativePath": "Scripts\\bird.ts"
  }
}