{
  "__type__": "cc.SpriteAtlas",
  "_name": "player.plist",
  "_objFlags": 0,
  "_native": "",
  "_spriteFrames": {
    "player_0": {
      "__uuid__": "fe18e50d-92e4-4987-bde5-f1d747f16b90"
    },
    "player_1": {
      "__uuid__": "77383676-f042-4601-8812-a32cc5cfff20"
    },
    "player_10": {
      "__uuid__": "372dfa3c-3dd3-45c4-836b-5be33aa98636"
    },
    "player_11": {
      "__uuid__": "c94f1f25-bb33-44df-80e5-31bb3f83f2a5"
    },
    "player_12": {
      "__uuid__": "b66a5677-4083-490f-ba8d-11d2d358f94f"
    },
    "player_13": {
      "__uuid__": "d6682b7c-8975-4a04-af22-f1ee9c74f6a0"
    },
    "player_14": {
      "__uuid__": "2c4f2dab-5e62-4084-841c-672f34c1e7c2"
    },
    "player_15": {
      "__uuid__": "618232ac-907a-4aae-8b45-8e22b2cc69c5"
    },
    "player_16": {
      "__uuid__": "60ef508b-bb1a-4a49-a5e0-14d70178b0e6"
    },
    "player_17": {
      "__uuid__": "a73fddc0-8986-4e74-b9f6-a98cba1a5c59"
    },
    "player_18": {
      "__uuid__": "dda496e6-d0fa-4e09-ae57-b3ea47627cbd"
    },
    "player_19": {
      "__uuid__": "f3e4237e-3ee9-4133-9790-36551ac7f9f1"
    },
    "player_2": {
      "__uuid__": "c7449bb4-9a7a-49fc-9e7b-9af605903282"
    },
    "player_20": {
      "__uuid__": "b17e5dc8-4960-418c-8c4c-c391c74edd64"
    },
    "player_21": {
      "__uuid__": "079bdd24-44b7-4e28-8a4e-1ee535d0c534"
    },
    "player_22": {
      "__uuid__": "b1f936a2-73fa-438e-bf42-ac42741c738d"
    },
    "player_23": {
      "__uuid__": "b09dee1d-199e-4229-add9-0b865d972dfb"
    },
    "player_24": {
      "__uuid__": "28847ef9-baed-459c-8546-80431dc4397c"
    },
    "player_25": {
      "__uuid__": "2ec44d2f-29e1-4e1d-9850-cc5bba90db01"
    },
    "player_26": {
      "__uuid__": "840df5d8-1c13-4ad9-9a3d-145db23e7d30"
    },
    "player_27": {
      "__uuid__": "ba25da59-cfd9-465d-8556-26aa5c950ca9"
    },
    "player_28": {
      "__uuid__": "21f631ff-ffa7-466c-839f-dc5f2f7ad9eb"
    },
    "player_29": {
      "__uuid__": "e607170d-638e-41ed-84c1-88033af6df7c"
    },
    "player_3": {
      "__uuid__": "e0193f11-e86d-42fe-bed4-31438d6563d6"
    },
    "player_30": {
      "__uuid__": "4a701732-4645-4be0-81a3-43fa24494623"
    },
    "player_31": {
      "__uuid__": "993ca29e-1c84-463c-87e0-5213c010134a"
    },
    "player_32": {
      "__uuid__": "14c2b2c0-109c-46c4-9233-22ebde729bb4"
    },
    "player_33": {
      "__uuid__": "739ec2a5-ce4b-4284-aa7a-32a72f000d25"
    },
    "player_34": {
      "__uuid__": "db20315b-925d-4370-85bd-8e0bdaeeaecd"
    },
    "player_35": {
      "__uuid__": "7f58c511-f40e-4626-bc13-4c22badf30dc"
    },
    "player_36": {
      "__uuid__": "b7667f07-0000-4c12-88e9-0ccea4e77dbf"
    },
    "player_37": {
      "__uuid__": "dc35320e-0aa8-4612-979f-ab774842cfa7"
    },
    "player_38": {
      "__uuid__": "8ab849cc-560f-40b5-bc1f-1c4728ed1181"
    },
    "player_39": {
      "__uuid__": "6c0ad779-48ff-4658-a961-95ad02ba7676"
    },
    "player_4": {
      "__uuid__": "e8dda9cd-d038-4a8b-9ccf-b34ede4d9e88"
    },
    "player_40": {
      "__uuid__": "21a27e4e-aaf4-4235-9625-7538d06bd038"
    },
    "player_41": {
      "__uuid__": "f39f79c4-fda7-427e-bbaf-d8dd1a4d1f8c"
    },
    "player_5": {
      "__uuid__": "8551b803-2850-47f2-80fe-861741ebba84"
    },
    "player_6": {
      "__uuid__": "a03ba60a-e42a-4415-b90b-f1de10ea28a5"
    },
    "player_7": {
      "__uuid__": "91dc252f-2ab7-4358-a79e-7045361939b2"
    },
    "player_8": {
      "__uuid__": "e8000e9d-0a16-4471-a7b2-922fa0c0266c"
    },
    "player_9": {
      "__uuid__": "625e012b-692c-4f4d-8428-dae3575c8807"
    }
  }
}