{
  "__type__": "cc.AnimationClip",
  "_name": "fall_side",
  "_objFlags": 0,
  "_native": "",
  "_duration": 0.35,
  "sample": 60,
  "speed": 1,
  "wrapMode": 1,
  "curveData": {
    "comps": {
      "cc.Sprite": {
        "spriteFrame": [
          {
            "frame": 0,
            "value": {
              "__uuid__": "840df5d8-1c13-4ad9-9a3d-145db23e7d30"
            }
          },
          {
            "frame": 0.08333333333333333,
            "value": {
              "__uuid__": "ba25da59-cfd9-465d-8556-26aa5c950ca9"
            }
          },
          {
            "frame": 0.16666666666666666,
            "value": {
              "__uuid__": "21f631ff-ffa7-466c-839f-dc5f2f7ad9eb"
            }
          },
          {
            "frame": 0.25,
            "value": {
              "__uuid__": "e607170d-638e-41ed-84c1-88033af6df7c"
            }
          },
          {
            "frame": 0.3333333333333333,
            "value": {
              "__uuid__": "840df5d8-1c13-4ad9-9a3d-145db23e7d30"
            }
          }
        ]
      }
    }
  },
  "events": []
}