{
  "version": "1.1.1",
  "windows": {
    "main": {
      "main": true,
      "url": "app://editor/index.html",
      "windowType": "dockable",
      "x": -7,
      "y": -7,
      "width": 2209,
      "height": 1249,
      "layout": {
        "type": "dock-h",
        "children": [
          {
            "width": 524.794677734375,
            "height": 1116.7857666015625,
            "type": "dock-v",
            "children": [
              {
                "width": 524.794677734375,
                "height": 385.8839416503906,
                "type": "panel",
                "active": 0,
                "children": [
                  "hierarchy"
                ]
              },
              {
                "width": 524.794677734375,
                "height": 727.9017944335938,
                "type": "panel",
                "active": 0,
                "children": [
                  "assets"
                ]
              }
            ]
          },
          {
            "width": 1125.5535888671875,
            "height": 1116.7857666015625,
            "type": "dock-v",
            "children": [
              {
                "width": 1125.5535888671875,
                "height": 557.8839721679688,
                "type": "dock-h",
                "children": [
                  {
                    "width": 668.1339721679688,
                    "height": 557.8839721679688,
                    "type": "panel",
                    "active": 0,
                    "children": [
                      "scene"
                    ]
                  },
                  {
                    "width": 454.4107360839844,
                    "height": 557.8839721679688,
                    "type": "panel",
                    "active": 0,
                    "children": [
                      "node-library"
                    ]
                  }
                ]
              },
              {
                "width": 1125.5535888671875,
                "height": 555.8928833007812,
                "type": "panel",
                "active": 1,
                "children": [
                  "console",
                  "timeline",
                  "game-window"
                ]
              }
            ]
          },
          {
            "width": 524.794677734375,
            "height": 1116.7857666015625,
            "type": "panel",
            "active": 0,
            "children": [
              "inspector",
              "cocos-services"
            ]
          }
        ]
      },
      "panels": [
        "hierarchy",
        "assets",
        "scene",
        "node-library",
        "console",
        "timeline",
        "game-window",
        "inspector",
        "cocos-services"
      ]
    }
  },
  "panels": {},
  "panelLabelWidth": {}
}
