{
  "__type__": "cc.SpriteAtlas",
  "_name": "Wood.plist",
  "_objFlags": 0,
  "_native": "",
  "_spriteFrames": {
    "1131600_0": {
      "__uuid__": "0ef9e692-b2e2-4bf5-9838-cdfc0f4233ff"
    },
    "1131600_1": {
      "__uuid__": "c738cfdd-eb8c-48f2-af82-941e01a7ea1c"
    },
    "1131600_2": {
      "__uuid__": "348ea8dc-6318-4f4d-81d8-e07fc40147e3"
    },
    "1131600_3": {
      "__uuid__": "64f12f6f-bf7e-4991-86db-f1a5d6130dd5"
    },
    "1131600_4": {
      "__uuid__": "226620a5-c4d0-41e6-9b5c-54d198ac44d2"
    },
    "1131600_5": {
      "__uuid__": "c6472790-7a61-4588-adaa-b2b0993b3a80"
    },
    "1131600_6": {
      "__uuid__": "b02eb27d-b01d-4752-8009-6257b48ebcbd"
    }
  }
}