{
  "version": "1.1.1",
  "windows": {
    "main": {
      "main": true,
      "url": "app://editor/index.html",
      "windowType": "dockable",
      "x": -8,
      "y": -8,
      "width": 1936,
      "height": 1056,
      "layout": {
        "type": "dock-h",
        "children": [
          {
            "width": 204,
            "height": 562,
            "type": "dock-v",
            "children": [
              {
                "width": 204,
                "height": 295.9375,
                "type": "panel",
                "active": 0,
                "children": [
                  "hierarchy"
                ]
              },
              {
                "width": 204,
                "height": 263.0625,
                "type": "panel",
                "active": 0,
                "children": [
                  "assets"
                ]
              }
            ]
          },
          {
            "width": 750,
            "height": 562,
            "type": "dock-v",
            "children": [
              {
                "width": 750,
                "height": 293,
                "type": "dock-h",
                "children": [
                  {
                    "width": 482.984375,
                    "height": 293,
                    "type": "panel",
                    "active": 0,
                    "children": [
                      "scene"
                    ]
                  },
                  {
                    "width": 264,
                    "height": 293,
                    "type": "panel",
                    "active": 0,
                    "children": [
                      "node-library"
                    ]
                  }
                ]
              },
              {
                "width": 750,
                "height": 266,
                "type": "panel",
                "active": 0,
                "children": [
                  "console",
                  "timeline",
                  "game-window"
                ]
              }
            ]
          },
          {
            "width": 304,
            "height": 562,
            "type": "panel",
            "active": 0,
            "children": [
              "inspector",
              "cocos-services"
            ]
          }
        ]
      },
      "panels": [
        "hierarchy",
        "assets",
        "scene",
        "node-library",
        "console",
        "timeline",
        "game-window",
        "inspector",
        "cocos-services"
      ]
    },
    " common-asset-worker-worker": {}
  },
  "panels": {
    "preferences": {
      "x": 278,
      "y": 226,
      "width": 600,
      "height": 565
    },
    "project-settings": {
      "x": 672,
      "y": 236,
      "width": 600,
      "height": 565
    }
  },
  "panelLabelWidth": {
    "inspector": null
  },
  "panelLabelWidth.inspector": null
}
