{
  "__type__": "cc.SpriteAtlas",
  "_name": "Birds.plist",
  "_objFlags": 0,
  "_native": "",
  "_spriteFrames": {
    "59982_0": {
      "__uuid__": "f508510a-9dc5-4305-9880-62cd02268bdb"
    },
    "59982_1": {
      "__uuid__": "4963ce25-21a8-44fc-8ae3-2feee0a7b23a"
    },
    "59982_10": {
      "__uuid__": "c2ff504a-86ba-40e1-a116-1bcde6e3390a"
    },
    "59982_100": {
      "__uuid__": "c027b0e9-32d4-465f-a386-ead904c05165"
    },
    "59982_101": {
      "__uuid__": "bdbbccf2-ba9d-436a-bdb6-7280afa4a816"
    },
    "59982_102": {
      "__uuid__": "5a8a402b-d5fd-4efc-baa4-d1da57d89f35"
    },
    "59982_103": {
      "__uuid__": "b92d34fd-5355-4b27-8082-5417df6c1002"
    },
    "59982_104": {
      "__uuid__": "e3cdb8e6-c729-4a90-ab73-73de85c977b1"
    },
    "59982_105": {
      "__uuid__": "e71e3e32-88f7-4635-8b79-3ba36b599e2f"
    },
    "59982_106": {
      "__uuid__": "55aac419-6c23-4f4e-9e28-72e8a4ea93b6"
    },
    "59982_107": {
      "__uuid__": "ebfcd167-4e4e-4c46-9163-479d4198d937"
    },
    "59982_108": {
      "__uuid__": "225f9ff5-e92a-4a47-9607-a208e9219eed"
    },
    "59982_109": {
      "__uuid__": "8bf5088e-df0e-4315-a114-0342f03cb251"
    },
    "59982_11": {
      "__uuid__": "ee3897c7-67f9-4e9c-8469-e484d256ce05"
    },
    "59982_110": {
      "__uuid__": "002942aa-227b-4e8f-9cac-eeea775a3ff2"
    },
    "59982_111": {
      "__uuid__": "6082a189-4a6d-429b-b0c1-88b9c725446d"
    },
    "59982_112": {
      "__uuid__": "24cfa516-3ce0-4d64-b482-2b7c7ec777a7"
    },
    "59982_113": {
      "__uuid__": "6cdf330a-3530-4660-812d-73a38a4067ea"
    },
    "59982_114": {
      "__uuid__": "fbdd64f5-0dea-4c2e-ac61-2dca27bd473c"
    },
    "59982_115": {
      "__uuid__": "bb74812e-6596-40a1-be3a-e7f060d6d7e6"
    },
    "59982_116": {
      "__uuid__": "613e664c-7aa3-4b88-9387-18b6d00a014c"
    },
    "59982_117": {
      "__uuid__": "2792d112-eea0-4026-8c01-acb4ec9b2b2a"
    },
    "59982_118": {
      "__uuid__": "8a3fd5a9-c6e7-420f-a041-a290497b9cbe"
    },
    "59982_119": {
      "__uuid__": "0c1fc002-add7-48a6-8fd6-005bfe45d441"
    },
    "59982_12": {
      "__uuid__": "9f3e5317-69c2-4406-b267-726522e218be"
    },
    "59982_120": {
      "__uuid__": "bb3c2976-f217-42eb-b66b-162d12334534"
    },
    "59982_121": {
      "__uuid__": "a46f837b-768e-45e1-938f-81961605b4d4"
    },
    "59982_122": {
      "__uuid__": "fabfc7b5-f587-450b-a519-52a57700b5cf"
    },
    "59982_123": {
      "__uuid__": "0debaf84-9f6b-464d-84b7-07bb6a20451d"
    },
    "59982_124": {
      "__uuid__": "83779527-2169-4f1d-a3d1-1eb94746ffde"
    },
    "59982_125": {
      "__uuid__": "f7a13eca-fe77-47e7-a06d-911474ced7da"
    },
    "59982_126": {
      "__uuid__": "9cfcc7b7-783b-460e-8223-bce0325fb976"
    },
    "59982_127": {
      "__uuid__": "05185718-a340-4790-a510-cb63b3adc26a"
    },
    "59982_128": {
      "__uuid__": "47ba263b-6923-484c-a40c-800708b6ddf6"
    },
    "59982_129": {
      "__uuid__": "caab125d-65f4-4120-afc1-621d990e4b82"
    },
    "59982_13": {
      "__uuid__": "9beb0114-266f-4ae2-8aac-60e7a059e25b"
    },
    "59982_130": {
      "__uuid__": "24d36c60-090c-479d-959a-7e2413047e6f"
    },
    "59982_131": {
      "__uuid__": "7800b599-f8be-4433-860a-9b2177528045"
    },
    "59982_132": {
      "__uuid__": "f0b715e1-f1d3-4634-a465-e9329c0b35cf"
    },
    "59982_133": {
      "__uuid__": "161a69a6-e047-4c09-854d-76143a7eba17"
    },
    "59982_134": {
      "__uuid__": "817c1172-4f75-4a00-bc08-c8a5a10508e0"
    },
    "59982_135": {
      "__uuid__": "8c11288d-0498-4ee1-a851-34c746f11e41"
    },
    "59982_136": {
      "__uuid__": "b2a55f4f-8126-4fac-a06a-88ac7b4e70fe"
    },
    "59982_137": {
      "__uuid__": "4869eb63-b4f8-45ef-9e0c-7f11ec7a2110"
    },
    "59982_138": {
      "__uuid__": "1b2fc05a-3bdd-4ebf-9bc9-59e06186a1ac"
    },
    "59982_139": {
      "__uuid__": "1b04469e-39d8-4b72-a01c-6b752e43c3e3"
    },
    "59982_14": {
      "__uuid__": "f893f7ad-915b-4305-b076-1e887bad1da1"
    },
    "59982_140": {
      "__uuid__": "e3efd6c9-5f51-44af-af93-876692079ec1"
    },
    "59982_141": {
      "__uuid__": "4d5eff91-58e9-40d5-867e-cbe5f04bd3b4"
    },
    "59982_142": {
      "__uuid__": "525c90b2-0c1c-438a-892e-965a3de4783b"
    },
    "59982_143": {
      "__uuid__": "42de1a9c-6d80-42e6-8cbd-044cf4273f00"
    },
    "59982_144": {
      "__uuid__": "40731db7-6d4d-4fb6-9f6e-63cbafb4f737"
    },
    "59982_145": {
      "__uuid__": "78c2c3f0-a3db-4c11-8ef7-6c82f5b9ee54"
    },
    "59982_146": {
      "__uuid__": "8fc10ec2-5f33-4a31-9027-59d8fe142852"
    },
    "59982_147": {
      "__uuid__": "b3090294-b606-4357-bb53-41efaec4ef52"
    },
    "59982_148": {
      "__uuid__": "51e0200e-4e9b-4f5f-a8cc-8dd40ac8252d"
    },
    "59982_149": {
      "__uuid__": "ceea12d7-341a-462e-bb42-b061356417ce"
    },
    "59982_15": {
      "__uuid__": "de621145-36e0-4e40-b2f9-7f3ad1e35f95"
    },
    "59982_150": {
      "__uuid__": "1d51fbb3-0a00-45bb-a592-05c49e57b2bc"
    },
    "59982_151": {
      "__uuid__": "38d18ffd-3744-448d-ad28-d9438aa16ba6"
    },
    "59982_152": {
      "__uuid__": "44fc918c-a019-496e-9921-778caaaa557f"
    },
    "59982_153": {
      "__uuid__": "cbee313f-fa0b-49d7-bef2-1ba59d187047"
    },
    "59982_154": {
      "__uuid__": "4c2b556e-e928-4e1b-8eda-f4512e3436ab"
    },
    "59982_155": {
      "__uuid__": "a6774e29-71aa-4547-a640-da96956f049e"
    },
    "59982_156": {
      "__uuid__": "65ee9723-c2ee-49a4-a93b-8b742daa0347"
    },
    "59982_157": {
      "__uuid__": "2790518a-33ab-4fcf-8e58-6f2a4c49b7e0"
    },
    "59982_158": {
      "__uuid__": "048d8be8-06de-4a25-9516-0db3ceafd78e"
    },
    "59982_159": {
      "__uuid__": "137f17e6-82b4-443a-a672-b9b7eb5aea31"
    },
    "59982_16": {
      "__uuid__": "a98b9c8c-f6cc-4f5f-9c5d-72fbb6e70501"
    },
    "59982_160": {
      "__uuid__": "13728674-1181-41ff-b187-d949799deaa0"
    },
    "59982_161": {
      "__uuid__": "12cef519-0424-44ab-ac86-6f86da0f8b51"
    },
    "59982_162": {
      "__uuid__": "0237fe60-b458-4aac-8c9d-7d623b0fc84f"
    },
    "59982_163": {
      "__uuid__": "627b3c76-cb6d-4e48-a044-2e52d67033f8"
    },
    "59982_164": {
      "__uuid__": "33b6b66c-859e-4fe0-9fd2-d9728107626d"
    },
    "59982_165": {
      "__uuid__": "f49928c5-765b-432b-b9d2-6a8dec456ec1"
    },
    "59982_166": {
      "__uuid__": "9e56c1b3-5fac-4eef-8b7d-05d6e22d8775"
    },
    "59982_167": {
      "__uuid__": "136e7ea5-a880-4959-b9ea-234d2d0389b9"
    },
    "59982_168": {
      "__uuid__": "ab19ab73-a630-49e6-a288-8947cb0c242e"
    },
    "59982_169": {
      "__uuid__": "fcb631c1-46e7-4f29-b7c3-563c56e0d817"
    },
    "59982_17": {
      "__uuid__": "50c8bc57-f1d8-4fae-bc2a-9108f6f6163e"
    },
    "59982_170": {
      "__uuid__": "2d4cccf8-a2cc-4d54-beb6-12776638e197"
    },
    "59982_171": {
      "__uuid__": "bc59239c-bd88-492e-b86b-2f5f4694a8cf"
    },
    "59982_172": {
      "__uuid__": "fd9e5938-6e0d-4e01-868d-6ddc0537c054"
    },
    "59982_173": {
      "__uuid__": "471432a9-2309-4e33-b58c-9fc1c70f922f"
    },
    "59982_174": {
      "__uuid__": "1c801b96-152c-4f46-b34e-feb2147afe3a"
    },
    "59982_175": {
      "__uuid__": "bacba5b7-516c-4b08-8f4d-c725fe732e0d"
    },
    "59982_176": {
      "__uuid__": "4e2a116c-6674-4f3f-8956-71970c159aca"
    },
    "59982_177": {
      "__uuid__": "eb6f006a-1dd0-4510-9bf8-30d2aecfcff7"
    },
    "59982_178": {
      "__uuid__": "60d6b2ba-576a-41e0-8363-c23cf226775d"
    },
    "59982_179": {
      "__uuid__": "16cee88b-d345-424e-8dda-fca3f99f185a"
    },
    "59982_18": {
      "__uuid__": "f317d8fa-90a0-47fc-8460-00e0d4a96915"
    },
    "59982_180": {
      "__uuid__": "093bbfa0-a430-4986-a070-eadb11c57c14"
    },
    "59982_181": {
      "__uuid__": "00b7feb9-0e96-455b-aa98-fb2ee5ce6759"
    },
    "59982_182": {
      "__uuid__": "618ec452-b682-4b17-ae14-500e6521de1f"
    },
    "59982_183": {
      "__uuid__": "182b95a4-1278-45e6-8841-449598c0a5bc"
    },
    "59982_184": {
      "__uuid__": "ca75d3f6-7b93-4e13-ae0a-1c94922181f5"
    },
    "59982_185": {
      "__uuid__": "ef67e20d-e391-4fc3-9329-48aece4bb93d"
    },
    "59982_186": {
      "__uuid__": "34362af4-4682-45bd-93b0-921473abb733"
    },
    "59982_187": {
      "__uuid__": "cf6b94d7-67e5-48d7-8ff3-e4316e28be7f"
    },
    "59982_188": {
      "__uuid__": "4d04ab9d-ba09-4401-8fa3-a8a3acc1d458"
    },
    "59982_189": {
      "__uuid__": "b30960de-b0a4-40cb-81a5-0e96f8800904"
    },
    "59982_19": {
      "__uuid__": "a45e6f0c-467a-4778-a4ec-f6d3ff1cb18b"
    },
    "59982_2": {
      "__uuid__": "713928de-6423-4aa5-a40b-4ee8bfc7b4c4"
    },
    "59982_20": {
      "__uuid__": "6dfbfd70-f269-4882-b284-52758930dd43"
    },
    "59982_21": {
      "__uuid__": "5b3fb1c8-99f6-4279-ab66-2979b31f9ab4"
    },
    "59982_22": {
      "__uuid__": "6dfbdedd-7a3c-4ba9-8c75-a73b001d5b4a"
    },
    "59982_23": {
      "__uuid__": "e17e44c7-0c13-4606-b443-9608bf7ad6ea"
    },
    "59982_24": {
      "__uuid__": "775e3752-e48b-4b1d-8451-797ac42d2825"
    },
    "59982_25": {
      "__uuid__": "208a6380-9208-45d9-81e1-91c5da7a9ac5"
    },
    "59982_26": {
      "__uuid__": "c1c46691-2cf3-41ae-9312-f3a0756a5e4b"
    },
    "59982_27": {
      "__uuid__": "777352b8-12ee-42c7-a3b2-f212556c3187"
    },
    "59982_28": {
      "__uuid__": "6d71cad5-589f-49af-b3d6-9389b5d9c5a7"
    },
    "59982_29": {
      "__uuid__": "7d066935-6cbc-4239-a7de-7dc233214ca7"
    },
    "59982_3": {
      "__uuid__": "1b1f0ab4-2920-4958-b984-3cb302d09b7c"
    },
    "59982_30": {
      "__uuid__": "4f899982-a5d5-4ca9-80f3-79797912b1a3"
    },
    "59982_31": {
      "__uuid__": "06965803-2b2b-47fc-b365-a60c56e4e872"
    },
    "59982_32": {
      "__uuid__": "d5f64c55-05a5-4c83-99a6-08296eb6f92f"
    },
    "59982_33": {
      "__uuid__": "8f0f5fd9-4ff3-4efe-a2c2-95ac6514a388"
    },
    "59982_34": {
      "__uuid__": "2fb8fafd-3d9e-40f9-819d-edcab5638c1e"
    },
    "59982_35": {
      "__uuid__": "925841ac-9887-453a-9afd-482b1627b681"
    },
    "59982_36": {
      "__uuid__": "8473cce0-9447-4366-9b8b-afd40a0322ce"
    },
    "59982_37": {
      "__uuid__": "2923b147-fe82-48fe-b07b-9e2421999b04"
    },
    "59982_38": {
      "__uuid__": "f7ed21ca-eecb-4b7a-bb51-97871a3b1b03"
    },
    "59982_39": {
      "__uuid__": "213d735d-42b4-4b6d-9184-fac6c57343e8"
    },
    "59982_4": {
      "__uuid__": "78771f77-3a60-49a6-8f76-1126586a1f52"
    },
    "59982_40": {
      "__uuid__": "242d9684-9fb5-4425-b60e-97b91bf54495"
    },
    "59982_41": {
      "__uuid__": "8eca6cc6-dcb0-4f9c-bfcc-0a35bcd76eb8"
    },
    "59982_42": {
      "__uuid__": "fd040e69-cc18-4adb-8cf0-62db2b5b5712"
    },
    "59982_43": {
      "__uuid__": "0cf356a1-efa8-4bef-97e0-9dea03130721"
    },
    "59982_44": {
      "__uuid__": "b0786106-29c8-4d87-8392-7d4a53afc174"
    },
    "59982_45": {
      "__uuid__": "b0c3fe4b-ce1e-49a9-b106-c81692373fc9"
    },
    "59982_46": {
      "__uuid__": "96e85bee-5e7d-41c2-ae64-6e78bc0a0f6f"
    },
    "59982_47": {
      "__uuid__": "1c10a5c3-8a0d-496d-a7b2-e21eaf9e43f3"
    },
    "59982_48": {
      "__uuid__": "27b6558c-f693-4bd0-8bb0-76a4759bdb74"
    },
    "59982_49": {
      "__uuid__": "2ba0c287-e001-47cf-8247-3b9800fa956d"
    },
    "59982_5": {
      "__uuid__": "f07d4dc5-d871-4056-a77f-d87a6abecc85"
    },
    "59982_50": {
      "__uuid__": "d2c6cbee-6cbf-4a73-b98c-fa66aa4c42dd"
    },
    "59982_51": {
      "__uuid__": "a6aa3fbc-812d-45b1-a090-3d3959caf9ef"
    },
    "59982_52": {
      "__uuid__": "01a0deb5-9df5-44dc-810a-cc6a05c5e399"
    },
    "59982_53": {
      "__uuid__": "d2b2be90-08fc-4cc8-94c2-b4195f6cfe18"
    },
    "59982_54": {
      "__uuid__": "989b379c-4097-44e4-9464-3aaa2edaf1e2"
    },
    "59982_55": {
      "__uuid__": "d168d966-d408-4b92-bd8f-2d251b1a4fb5"
    },
    "59982_56": {
      "__uuid__": "ba6f1efc-4ea5-4eb6-bdfd-0286369c421c"
    },
    "59982_57": {
      "__uuid__": "794ef7e4-168d-4eee-bd89-1c177b915b0e"
    },
    "59982_58": {
      "__uuid__": "b57a83fe-4ebb-4634-93aa-195f39a0865e"
    },
    "59982_59": {
      "__uuid__": "514f7b53-8abd-4a7a-9b53-e1085fa9bc0e"
    },
    "59982_6": {
      "__uuid__": "7fca76f3-fe96-4273-b1b2-e70dad702d97"
    },
    "59982_60": {
      "__uuid__": "5ccf5ebe-25db-4219-895c-9d7f26139d16"
    },
    "59982_61": {
      "__uuid__": "f6020167-77a1-473a-9df8-28ea91ec57c5"
    },
    "59982_62": {
      "__uuid__": "efba5bfe-f192-4e51-90d2-1467e39c5349"
    },
    "59982_63": {
      "__uuid__": "af843a84-8304-4d5d-abb7-0a2418d6ea97"
    },
    "59982_64": {
      "__uuid__": "0f76ef8c-6744-49e9-a695-b2aaae08d6a6"
    },
    "59982_65": {
      "__uuid__": "776c37b0-4d28-4229-99dc-3cc891e37b4d"
    },
    "59982_66": {
      "__uuid__": "8aa29adc-16e1-44ef-803b-51c8be96713f"
    },
    "59982_67": {
      "__uuid__": "480f1c4c-1834-45da-b9f4-38006eb185b4"
    },
    "59982_68": {
      "__uuid__": "84e154c8-8532-4ab0-a858-de81ff677811"
    },
    "59982_69": {
      "__uuid__": "847b5733-2623-4974-bedd-065bcbbf6c01"
    },
    "59982_7": {
      "__uuid__": "af107f91-75bc-4411-9eec-20a03318d5e1"
    },
    "59982_70": {
      "__uuid__": "b5460ed5-4ef9-46b9-a455-27cb71549be7"
    },
    "59982_71": {
      "__uuid__": "43f216f3-7bcf-4452-8a07-8f73f7f9f015"
    },
    "59982_72": {
      "__uuid__": "d6e678c8-14ad-4c73-8976-ce577d790972"
    },
    "59982_73": {
      "__uuid__": "8eb3564e-5311-4fb2-8f00-611e3f9e6bed"
    },
    "59982_74": {
      "__uuid__": "96d200d4-c414-42b0-aabc-7f84bd7f2e4e"
    },
    "59982_75": {
      "__uuid__": "6a36a70d-8c35-4c2d-8e80-7b43995d3763"
    },
    "59982_76": {
      "__uuid__": "ca69e37d-d34d-49c2-8ac4-cd71995a434b"
    },
    "59982_77": {
      "__uuid__": "cf08a02f-4239-4f26-929c-70c63114cfeb"
    },
    "59982_78": {
      "__uuid__": "46c4ef15-de66-4fcd-8e04-d964f68bf027"
    },
    "59982_79": {
      "__uuid__": "718f532a-f4aa-479b-86e7-216cea19157a"
    },
    "59982_8": {
      "__uuid__": "1406ad11-0cc3-416c-83c2-fa8622997b76"
    },
    "59982_80": {
      "__uuid__": "97fc7235-b53d-4c98-871b-9d5b886099dc"
    },
    "59982_81": {
      "__uuid__": "e0e3ebf2-bf88-4fa2-94db-432211c7526e"
    },
    "59982_82": {
      "__uuid__": "b29e9d8e-0c10-4af0-9818-818f712510c9"
    },
    "59982_83": {
      "__uuid__": "2ae7c7a3-1a31-4e47-af87-7d78aeb04342"
    },
    "59982_84": {
      "__uuid__": "152924a9-ac91-42ce-8d8c-75b29b0e1e6e"
    },
    "59982_85": {
      "__uuid__": "e7137889-9c06-4a1e-8a39-98ee84b1f5e8"
    },
    "59982_86": {
      "__uuid__": "ad57f30a-dc0c-4039-8cad-33c08d28806a"
    },
    "59982_87": {
      "__uuid__": "233ed1e7-265c-46ce-8709-e284482cf7b8"
    },
    "59982_88": {
      "__uuid__": "969b7d00-a670-4800-b582-3bf18d672944"
    },
    "59982_89": {
      "__uuid__": "31538147-40e2-4217-8bae-238347d4d66f"
    },
    "59982_9": {
      "__uuid__": "0e5f1c00-cf81-41c8-8f53-0da804011905"
    },
    "59982_90": {
      "__uuid__": "e6fc40e0-470c-4c00-9de8-bd1cd1ba9293"
    },
    "59982_91": {
      "__uuid__": "bc32781e-bf7e-4eb7-bca4-1bfc0342a613"
    },
    "59982_92": {
      "__uuid__": "42fb9b8c-9a79-457e-b59a-ced984ea9087"
    },
    "59982_93": {
      "__uuid__": "dc8a53ce-1c8e-4e1a-a381-4f4f2d060405"
    },
    "59982_94": {
      "__uuid__": "52bda4ed-e170-4081-ac0e-09bbad564cc0"
    },
    "59982_95": {
      "__uuid__": "6e326c7f-363f-488a-abf9-3c50b2e3816c"
    },
    "59982_96": {
      "__uuid__": "f5590280-342d-4051-911a-14272817886e"
    },
    "59982_97": {
      "__uuid__": "cb039c28-7e86-4ed7-bb0c-ae80b779cd66"
    },
    "59982_98": {
      "__uuid__": "4d093a3f-c7cc-45b1-b4dd-4c87c5070ebc"
    },
    "59982_99": {
      "__uuid__": "dc30dc5c-cfca-499b-a906-762e8286a2ab"
    }
  }
}